[
    {
        "pk": 1, 
        "model": "core.product", 
        "fields": {
            "modified_by": 1, 
            "name": "Case Conductor", 
            "has_team": false, 
            "created_by": 1, 
            "deleted_by": null, 
            "created_on": "2012-01-24 03:42:39", 
            "own_team": [], 
            "modified_on": "2012-01-24 03:42:39", 
            "deleted_on": null, 
            "description": "The test case manager."
        }
    }, 
    {
        "pk": 2, 
        "model": "core.product", 
        "fields": {
            "modified_by": 1, 
            "name": "Firefox", 
            "has_team": false, 
            "created_by": 1, 
            "deleted_by": null, 
            "created_on": "2012-01-24 03:45:59", 
            "own_team": [], 
            "modified_on": "2012-01-24 03:46:00", 
            "deleted_on": null, 
            "description": "The browser."
        }
    }, 
    {
        "pk": 1, 
        "model": "core.productversion", 
        "fields": {
            "product": 1, 
            "modified_by": null, 
            "has_team": false, 
            "created_by": null, 
            "deleted_by": null, 
            "created_on": "2012-01-24 03:43:46", 
            "version": "0.6", 
            "own_team": [], 
            "environments": [
                16, 
                19, 
                20, 
                23, 
                24, 
                27, 
                28, 
                31, 
                32, 
                35, 
                36, 
                37, 
                38, 
                39, 
                40, 
                41, 
                42, 
                43, 
                44, 
                45, 
                46, 
                47, 
                48, 
                49, 
                50, 
                51, 
                52, 
                53, 
                54, 
                55, 
                56, 
                57, 
                59, 
                60, 
                61, 
                63, 
                64, 
                65, 
                67, 
                68, 
                69, 
                71, 
                72, 
                73, 
                75
            ], 
            "modified_on": "2012-01-24 03:43:59", 
            "codename": "", 
            "deleted_on": null, 
            "order": 1, 
            "latest": false
        }
    }, 
    {
        "pk": 4, 
        "model": "core.productversion", 
        "fields": {
            "product": 2, 
            "modified_by": null, 
            "has_team": false, 
            "created_by": 1, 
            "deleted_by": null, 
            "created_on": "2012-01-24 03:45:59", 
            "version": "9", 
            "own_team": [], 
            "environments": [
                1, 
                2, 
                3, 
                4, 
                5, 
                6, 
                7, 
                8, 
                9, 
                10, 
                11, 
                12, 
                13, 
                14, 
                15
            ], 
            "modified_on": "2012-01-24 03:46:00", 
            "codename": "", 
            "deleted_on": null, 
            "order": 1, 
            "latest": false
        }
    }, 
    {
        "pk": 2, 
        "model": "core.productversion", 
        "fields": {
            "product": 1, 
            "modified_by": null, 
            "has_team": false, 
            "created_by": null, 
            "deleted_by": null, 
            "created_on": "2012-01-24 03:43:53", 
            "version": "0.7", 
            "own_team": [], 
            "environments": [
                16, 
                19, 
                20, 
                23, 
                24, 
                27, 
                28, 
                31, 
                32, 
                35, 
                36, 
                37, 
                38, 
                39, 
                40, 
                41, 
                42, 
                43, 
                44, 
                45, 
                46, 
                47, 
                48, 
                49, 
                50, 
                51, 
                52, 
                53, 
                54, 
                55, 
                56, 
                57, 
                59, 
                60, 
                61, 
                63, 
                64, 
                65, 
                67, 
                68, 
                69, 
                71, 
                72, 
                73, 
                75
            ], 
            "modified_on": "2012-01-24 03:43:59", 
            "codename": "", 
            "deleted_on": null, 
            "order": 2, 
            "latest": false
        }
    }, 
    {
        "pk": 5, 
        "model": "core.productversion", 
        "fields": {
            "product": 2, 
            "modified_by": null, 
            "has_team": false, 
            "created_by": 1, 
            "deleted_by": null, 
            "created_on": "2012-01-24 03:46:00", 
            "version": "10", 
            "own_team": [], 
            "environments": [
                1, 
                2, 
                3, 
                4, 
                5, 
                6, 
                7, 
                8, 
                9, 
                10, 
                11, 
                12, 
                13, 
                14, 
                15
            ], 
            "modified_on": "2012-01-24 03:46:00", 
            "codename": "", 
            "deleted_on": null, 
            "order": 2, 
            "latest": true
        }
    }, 
    {
        "pk": 3, 
        "model": "core.productversion", 
        "fields": {
            "product": 1, 
            "modified_by": null, 
            "has_team": false, 
            "created_by": null, 
            "deleted_by": null, 
            "created_on": "2012-01-24 03:43:59", 
            "version": "0.8", 
            "own_team": [], 
            "environments": [
                16, 
                19, 
                20, 
                23, 
                24, 
                27, 
                28, 
                31, 
                32, 
                35, 
                36, 
                37, 
                38, 
                39, 
                40, 
                41, 
                42, 
                43, 
                44, 
                45, 
                46, 
                47, 
                48, 
                49, 
                50, 
                51, 
                52, 
                53, 
                54, 
                55, 
                56, 
                57, 
                59, 
                60, 
                61, 
                63, 
                64, 
                65, 
                67, 
                68, 
                69, 
                71, 
                72, 
                73, 
                75
            ], 
            "modified_on": "2012-01-24 03:43:59", 
            "codename": "", 
            "deleted_on": null, 
            "order": 3, 
            "latest": true
        }
    }, 
    {
        "pk": 1, 
        "model": "library.case", 
        "fields": {
            "product": 1, 
            "modified_by": 1, 
            "created_by": 1, 
            "deleted_by": null, 
            "created_on": "2012-01-24 03:48:33", 
            "modified_on": "2012-01-24 03:48:33", 
            "deleted_on": null
        }
    }, 
    {
        "pk": 2, 
        "model": "library.case", 
        "fields": {
            "product": 1, 
            "modified_by": 1, 
            "created_by": 1, 
            "deleted_by": null, 
            "created_on": "2012-01-24 03:59:57", 
            "modified_on": "2012-01-24 03:59:57", 
            "deleted_on": null
        }
    }, 
    {
        "pk": 3, 
        "model": "library.case", 
        "fields": {
            "product": 1, 
            "modified_by": 1, 
            "created_by": 1, 
            "deleted_by": null, 
            "created_on": "2012-01-24 04:01:08", 
            "modified_on": "2012-01-24 04:01:08", 
            "deleted_on": null
        }
    }, 
    {
        "pk": 1, 
        "model": "library.caseversion", 
        "fields": {
            "status": "draft", 
            "case": 1, 
            "modified_by": null, 
            "name": "Can log in", 
            "tags": [], 
            "envs_narrowed": false, 
            "created_by": 1, 
            "deleted_by": null, 
            "created_on": "2012-01-24 03:48:33", 
            "productversion": 1, 
            "latest": false, 
            "modified_on": "2012-01-24 03:48:34", 
            "environments": [
                16, 
                19, 
                20, 
                23, 
                24, 
                27, 
                28, 
                31, 
                32, 
                35, 
                36, 
                37, 
                38, 
                39, 
                40, 
                41, 
                42, 
                43, 
                44, 
                45, 
                46, 
                47, 
                48, 
                49, 
                50, 
                51, 
                52, 
                53, 
                54, 
                55, 
                56, 
                57, 
                59, 
                60, 
                61, 
                63, 
                64, 
                65, 
                67, 
                68, 
                69, 
                71, 
                72, 
                73, 
                75
            ], 
            "deleted_on": null, 
            "description": ""
        }
    }, 
    {
        "pk": 2, 
        "model": "library.caseversion", 
        "fields": {
            "status": "draft", 
            "case": 1, 
            "modified_by": null, 
            "name": "Can log in", 
            "tags": [], 
            "envs_narrowed": false, 
            "created_by": 1, 
            "deleted_by": null, 
            "created_on": "2012-01-24 03:48:33", 
            "productversion": 2, 
            "latest": false, 
            "modified_on": "2012-01-24 03:48:34", 
            "environments": [
                16, 
                19, 
                20, 
                23, 
                24, 
                27, 
                28, 
                31, 
                32, 
                35, 
                36, 
                37, 
                38, 
                39, 
                40, 
                41, 
                42, 
                43, 
                44, 
                45, 
                46, 
                47, 
                48, 
                49, 
                50, 
                51, 
                52, 
                53, 
                54, 
                55, 
                56, 
                57, 
                59, 
                60, 
                61, 
                63, 
                64, 
                65, 
                67, 
                68, 
                69, 
                71, 
                72, 
                73, 
                75
            ], 
            "deleted_on": null, 
            "description": ""
        }
    }, 
    {
        "pk": 4, 
        "model": "library.caseversion", 
        "fields": {
            "status": "draft", 
            "case": 1, 
            "modified_by": null, 
            "name": "Can log in", 
            "tags": [], 
            "envs_narrowed": false, 
            "created_by": 1, 
            "deleted_by": null, 
            "created_on": "2012-01-24 03:48:34", 
            "productversion": 3, 
            "latest": true, 
            "modified_on": "2012-01-24 03:48:34", 
            "environments": [
                16, 
                19, 
                20, 
                23, 
                24, 
                27, 
                28, 
                31, 
                32, 
                35, 
                36, 
                37, 
                38, 
                39, 
                40, 
                41, 
                42, 
                43, 
                44, 
                45, 
                46, 
                47, 
                48, 
                49, 
                50, 
                51, 
                52, 
                53, 
                54, 
                55, 
                56, 
                57, 
                59, 
                60, 
                61, 
                63, 
                64, 
                65, 
                67, 
                68, 
                69, 
                71, 
                72, 
                73, 
                75
            ], 
            "deleted_on": null, 
            "description": ""
        }
    }, 
    {
        "pk": 5, 
        "model": "library.caseversion", 
        "fields": {
            "status": "draft", 
            "case": 2, 
            "modified_by": null, 
            "name": "Can register", 
            "tags": [], 
            "envs_narrowed": false, 
            "created_by": 1, 
            "deleted_by": null, 
            "created_on": "2012-01-24 03:59:57", 
            "productversion": 2, 
            "latest": false, 
            "modified_on": "2012-01-24 03:59:57", 
            "environments": [
                16, 
                19, 
                20, 
                23, 
                24, 
                27, 
                28, 
                31, 
                32, 
                35, 
                36, 
                37, 
                38, 
                39, 
                40, 
                41, 
                42, 
                43, 
                44, 
                45, 
                46, 
                47, 
                48, 
                49, 
                50, 
                51, 
                52, 
                53, 
                54, 
                55, 
                56, 
                57, 
                59, 
                60, 
                61, 
                63, 
                64, 
                65, 
                67, 
                68, 
                69, 
                71, 
                72, 
                73, 
                75
            ], 
            "deleted_on": null, 
            "description": ""
        }
    }, 
    {
        "pk": 6, 
        "model": "library.caseversion", 
        "fields": {
            "status": "draft", 
            "case": 2, 
            "modified_by": null, 
            "name": "Can register", 
            "tags": [], 
            "envs_narrowed": false, 
            "created_by": 1, 
            "deleted_by": null, 
            "created_on": "2012-01-24 03:59:57", 
            "productversion": 3, 
            "latest": true, 
            "modified_on": "2012-01-24 03:59:57", 
            "environments": [
                16, 
                19, 
                20, 
                23, 
                24, 
                27, 
                28, 
                31, 
                32, 
                35, 
                36, 
                37, 
                38, 
                39, 
                40, 
                41, 
                42, 
                43, 
                44, 
                45, 
                46, 
                47, 
                48, 
                49, 
                50, 
                51, 
                52, 
                53, 
                54, 
                55, 
                56, 
                57, 
                59, 
                60, 
                61, 
                63, 
                64, 
                65, 
                67, 
                68, 
                69, 
                71, 
                72, 
                73, 
                75
            ], 
            "deleted_on": null, 
            "description": ""
        }
    }, 
    {
        "pk": 7, 
        "model": "library.caseversion", 
        "fields": {
            "status": "draft", 
            "case": 3, 
            "modified_by": null, 
            "name": "Can run a test", 
            "tags": [
                1
            ], 
            "envs_narrowed": false, 
            "created_by": 1, 
            "deleted_by": null, 
            "created_on": "2012-01-24 04:01:08", 
            "productversion": 3, 
            "latest": true, 
            "modified_on": "2012-01-24 04:01:08", 
            "environments": [
                16, 
                19, 
                20, 
                23, 
                24, 
                27, 
                28, 
                31, 
                32, 
                35, 
                36, 
                37, 
                38, 
                39, 
                40, 
                41, 
                42, 
                43, 
                44, 
                45, 
                46, 
                47, 
                48, 
                49, 
                50, 
                51, 
                52, 
                53, 
                54, 
                55, 
                56, 
                57, 
                59, 
                60, 
                61, 
                63, 
                64, 
                65, 
                67, 
                68, 
                69, 
                71, 
                72, 
                73, 
                75
            ], 
            "deleted_on": null, 
            "description": ""
        }
    }, 
    {
        "pk": 1, 
        "model": "library.caseattachment", 
        "fields": {
            "caseversion": 7, 
            "modified_by": 1, 
            "created_by": 1, 
            "deleted_by": null, 
            "created_on": "2012-01-24 04:01:08", 
            "attachment": "attachments/2012/01/23/patch.diff", 
            "modified_on": "2012-01-24 04:01:08", 
            "deleted_on": null
        }
    }, 
    {
        "pk": 1, 
        "model": "library.casestep", 
        "fields": {
            "caseversion": 1, 
            "modified_by": 1, 
            "instruction": "Visit the site, click the login button.", 
            "number": 1, 
            "created_by": 1, 
            "deleted_by": null, 
            "expected": "A simple login form should load, with username and password inputs.", 
            "created_on": "2012-01-24 03:48:33", 
            "modified_on": "2012-01-24 03:48:33", 
            "deleted_on": null
        }
    }, 
    {
        "pk": 2, 
        "model": "library.casestep", 
        "fields": {
            "caseversion": 1, 
            "modified_by": 1, 
            "instruction": "Enter a valid username and password and click Login.", 
            "number": 2, 
            "created_by": 1, 
            "deleted_by": null, 
            "expected": "The run-tests page should load, with a welcome message in the upper right.", 
            "created_on": "2012-01-24 03:48:33", 
            "modified_on": "2012-01-24 03:48:33", 
            "deleted_on": null
        }
    }, 
    {
        "pk": 3, 
        "model": "library.casestep", 
        "fields": {
            "caseversion": 2, 
            "modified_by": 1, 
            "instruction": "Visit the site, click the login button.", 
            "number": 1, 
            "created_by": 1, 
            "deleted_by": null, 
            "expected": "A simple login form should load, with username and password inputs.", 
            "created_on": "2012-01-24 03:48:33", 
            "modified_on": "2012-01-24 03:48:33", 
            "deleted_on": null
        }
    }, 
    {
        "pk": 4, 
        "model": "library.casestep", 
        "fields": {
            "caseversion": 2, 
            "modified_by": 1, 
            "instruction": "Enter a valid username and password and click Login.", 
            "number": 2, 
            "created_by": 1, 
            "deleted_by": null, 
            "expected": "The run-tests page should load, with a welcome message in the upper right.", 
            "created_on": "2012-01-24 03:48:33", 
            "modified_on": "2012-01-24 03:48:33", 
            "deleted_on": null
        }
    }, 
    {
        "pk": 7, 
        "model": "library.casestep", 
        "fields": {
            "caseversion": 4, 
            "modified_by": 1, 
            "instruction": "Visit the site, click the login button.", 
            "number": 1, 
            "created_by": 1, 
            "deleted_by": null, 
            "expected": "A simple login form should load, with username and password inputs.", 
            "created_on": "2012-01-24 03:48:34", 
            "modified_on": "2012-01-24 03:48:34", 
            "deleted_on": null
        }
    }, 
    {
        "pk": 8, 
        "model": "library.casestep", 
        "fields": {
            "caseversion": 4, 
            "modified_by": 1, 
            "instruction": "Enter a valid username and password and click Login.", 
            "number": 2, 
            "created_by": 1, 
            "deleted_by": null, 
            "expected": "The run-tests page should load, with a welcome message in the upper right.", 
            "created_on": "2012-01-24 03:48:34", 
            "modified_on": "2012-01-24 03:48:34", 
            "deleted_on": null
        }
    }, 
    {
        "pk": 9, 
        "model": "library.casestep", 
        "fields": {
            "caseversion": 5, 
            "modified_by": 1, 
            "instruction": "Click the register button.", 
            "number": 1, 
            "created_by": 1, 
            "deleted_by": null, 
            "expected": "Registration form should load.", 
            "created_on": "2012-01-24 03:59:57", 
            "modified_on": "2012-01-24 03:59:57", 
            "deleted_on": null
        }
    }, 
    {
        "pk": 10, 
        "model": "library.casestep", 
        "fields": {
            "caseversion": 5, 
            "modified_by": 1, 
            "instruction": "Fill out registration info and submit form.", 
            "number": 2, 
            "created_by": 1, 
            "deleted_by": null, 
            "expected": "You should get a welcome/confirmation email.", 
            "created_on": "2012-01-24 03:59:57", 
            "modified_on": "2012-01-24 03:59:57", 
            "deleted_on": null
        }
    }, 
    {
        "pk": 11, 
        "model": "library.casestep", 
        "fields": {
            "caseversion": 6, 
            "modified_by": 1, 
            "instruction": "Click the register button.", 
            "number": 1, 
            "created_by": 1, 
            "deleted_by": null, 
            "expected": "Registration form should load.", 
            "created_on": "2012-01-24 03:59:57", 
            "modified_on": "2012-01-24 03:59:57", 
            "deleted_on": null
        }
    }, 
    {
        "pk": 12, 
        "model": "library.casestep", 
        "fields": {
            "caseversion": 6, 
            "modified_by": 1, 
            "instruction": "Fill out registration info and submit form.", 
            "number": 2, 
            "created_by": 1, 
            "deleted_by": null, 
            "expected": "You should get a welcome/confirmation email.", 
            "created_on": "2012-01-24 03:59:57", 
            "modified_on": "2012-01-24 03:59:57", 
            "deleted_on": null
        }
    }, 
    {
        "pk": 1, 
        "model": "library.suite", 
        "fields": {
            "status": "active", 
            "product": 1, 
            "modified_by": 1, 
            "name": "Accounts", 
            "created_by": 1, 
            "deleted_by": null, 
            "created_on": "2012-01-24 03:46:45", 
            "modified_on": "2012-01-24 03:46:45", 
            "deleted_on": null, 
            "description": "Tests related to user accounts, registration, logins."
        }
    }, 
    {
        "pk": 1, 
        "model": "library.suitecase", 
        "fields": {
            "case": 1, 
            "modified_by": 1, 
            "created_by": 1, 
            "deleted_by": null, 
            "created_on": "2012-01-24 03:48:33", 
            "modified_on": "2012-01-24 03:48:33", 
            "suite": 1, 
            "deleted_on": null, 
            "order": 0
        }
    }, 
    {
        "pk": 2, 
        "model": "library.suitecase", 
        "fields": {
            "case": 2, 
            "modified_by": 1, 
            "created_by": 1, 
            "deleted_by": null, 
            "created_on": "2012-01-24 03:59:57", 
            "modified_on": "2012-01-24 03:59:57", 
            "suite": 1, 
            "deleted_on": null, 
            "order": 0
        }
    }, 
    {
        "pk": 1, 
        "model": "environments.profile", 
        "fields": {
            "modified_by": null, 
            "name": "Browser Testing Environments", 
            "created_by": null, 
            "deleted_by": null, 
            "created_on": "2012-01-24 03:37:19", 
            "modified_on": "2012-01-24 03:40:09", 
            "deleted_on": null
        }
    }, 
    {
        "pk": 2, 
        "model": "environments.profile", 
        "fields": {
            "modified_by": null, 
            "name": "Website Testing Environments", 
            "created_by": null, 
            "deleted_by": null, 
            "created_on": "2012-01-24 03:41:08", 
            "modified_on": "2012-01-24 03:41:08", 
            "deleted_on": null
        }
    }, 
    {
        "pk": 1, 
        "model": "environments.category", 
        "fields": {
            "modified_by": 1, 
            "name": "Operating System", 
            "created_by": 1, 
            "deleted_by": null, 
            "created_on": "2012-01-24 03:35:00", 
            "modified_on": "2012-01-24 03:35:00", 
            "deleted_on": null
        }
    }, 
    {
        "pk": 2, 
        "model": "environments.category", 
        "fields": {
            "modified_by": 1, 
            "name": "Language", 
            "created_by": 1, 
            "deleted_by": null, 
            "created_on": "2012-01-24 03:35:40", 
            "modified_on": "2012-01-24 03:35:40", 
            "deleted_on": null
        }
    }, 
    {
        "pk": 3, 
        "model": "environments.category", 
        "fields": {
            "modified_by": 1, 
            "name": "Browser", 
            "created_by": 1, 
            "deleted_by": null, 
            "created_on": "2012-01-24 03:41:01", 
            "modified_on": "2012-01-24 03:41:01", 
            "deleted_on": null
        }
    }, 
    {
        "pk": 1, 
        "model": "environments.element", 
        "fields": {
            "category": 1, 
            "modified_by": 1, 
            "name": "Linux", 
            "created_by": 1, 
            "deleted_by": null, 
            "created_on": "2012-01-24 03:35:00", 
            "modified_on": "2012-01-24 03:35:00", 
            "deleted_on": null
        }
    }, 
    {
        "pk": 2, 
        "model": "environments.element", 
        "fields": {
            "category": 1, 
            "modified_by": 1, 
            "name": "Windows", 
            "created_by": 1, 
            "deleted_by": null, 
            "created_on": "2012-01-24 03:35:00", 
            "modified_on": "2012-01-24 03:35:00", 
            "deleted_on": null
        }
    }, 
    {
        "pk": 3, 
        "model": "environments.element", 
        "fields": {
            "category": 1, 
            "modified_by": 1, 
            "name": "OS X", 
            "created_by": 1, 
            "deleted_by": null, 
            "created_on": "2012-01-24 03:35:00", 
            "modified_on": "2012-01-24 03:35:00", 
            "deleted_on": null
        }
    }, 
    {
        "pk": 4, 
        "model": "environments.element", 
        "fields": {
            "category": 2, 
            "modified_by": 1, 
            "name": "English", 
            "created_by": 1, 
            "deleted_by": null, 
            "created_on": "2012-01-24 03:35:40", 
            "modified_on": "2012-01-24 03:35:40", 
            "deleted_on": null
        }
    }, 
    {
        "pk": 5, 
        "model": "environments.element", 
        "fields": {
            "category": 2, 
            "modified_by": 1, 
            "name": "German", 
            "created_by": 1, 
            "deleted_by": null, 
            "created_on": "2012-01-24 03:35:40", 
            "modified_on": "2012-01-24 03:35:40", 
            "deleted_on": null
        }
    }, 
    {
        "pk": 6, 
        "model": "environments.element", 
        "fields": {
            "category": 2, 
            "modified_by": 1, 
            "name": "Spanish", 
            "created_by": 1, 
            "deleted_by": null, 
            "created_on": "2012-01-24 03:35:40", 
            "modified_on": "2012-01-24 03:35:40", 
            "deleted_on": null
        }
    }, 
    {
        "pk": 7, 
        "model": "environments.element", 
        "fields": {
            "category": 2, 
            "modified_by": 1, 
            "name": "French", 
            "created_by": 1, 
            "deleted_by": null, 
            "created_on": "2012-01-24 03:35:40", 
            "modified_on": "2012-01-24 03:35:40", 
            "deleted_on": null
        }
    }, 
    {
        "pk": 8, 
        "model": "environments.element", 
        "fields": {
            "category": 2, 
            "modified_by": 1, 
            "name": "Mandarin", 
            "created_by": 1, 
            "deleted_by": null, 
            "created_on": "2012-01-24 03:35:40", 
            "modified_on": "2012-01-24 03:35:40", 
            "deleted_on": null
        }
    }, 
    {
        "pk": 9, 
        "model": "environments.element", 
        "fields": {
            "category": 3, 
            "modified_by": 1, 
            "name": "Chrome", 
            "created_by": 1, 
            "deleted_by": null, 
            "created_on": "2012-01-24 03:41:01", 
            "modified_on": "2012-01-24 03:41:02", 
            "deleted_on": null
        }
    }, 
    {
        "pk": 10, 
        "model": "environments.element", 
        "fields": {
            "category": 3, 
            "modified_by": 1, 
            "name": "Safari", 
            "created_by": 1, 
            "deleted_by": null, 
            "created_on": "2012-01-24 03:41:01", 
            "modified_on": "2012-01-24 03:41:02", 
            "deleted_on": null
        }
    }, 
    {
        "pk": 11, 
        "model": "environments.element", 
        "fields": {
            "category": 3, 
            "modified_by": 1, 
            "name": "Internet Explorer", 
            "created_by": 1, 
            "deleted_by": null, 
            "created_on": "2012-01-24 03:41:01", 
            "modified_on": "2012-01-24 03:41:02", 
            "deleted_on": null
        }
    }, 
    {
        "pk": 12, 
        "model": "environments.element", 
        "fields": {
            "category": 3, 
            "modified_by": 1, 
            "name": "Firefox", 
            "created_by": 1, 
            "deleted_by": null, 
            "created_on": "2012-01-24 03:41:01", 
            "modified_on": "2012-01-24 03:41:02", 
            "deleted_on": null
        }
    }, 
    {
        "pk": 1, 
        "model": "environments.environment", 
        "fields": {
            "profile": 1, 
            "elements": [
                1, 
                4
            ], 
            "modified_by": null, 
            "created_by": null, 
            "deleted_by": null, 
            "created_on": "2012-01-24 03:37:19", 
            "modified_on": "2012-01-24 03:37:19", 
            "deleted_on": null
        }
    }, 
    {
        "pk": 2, 
        "model": "environments.environment", 
        "fields": {
            "profile": 1, 
            "elements": [
                1, 
                5
            ], 
            "modified_by": null, 
            "created_by": null, 
            "deleted_by": null, 
            "created_on": "2012-01-24 03:37:19", 
            "modified_on": "2012-01-24 03:37:19", 
            "deleted_on": null
        }
    }, 
    {
        "pk": 3, 
        "model": "environments.environment", 
        "fields": {
            "profile": 1, 
            "elements": [
                1, 
                6
            ], 
            "modified_by": null, 
            "created_by": null, 
            "deleted_by": null, 
            "created_on": "2012-01-24 03:37:19", 
            "modified_on": "2012-01-24 03:37:19", 
            "deleted_on": null
        }
    }, 
    {
        "pk": 4, 
        "model": "environments.environment", 
        "fields": {
            "profile": 1, 
            "elements": [
                1, 
                7
            ], 
            "modified_by": null, 
            "created_by": null, 
            "deleted_by": null, 
            "created_on": "2012-01-24 03:37:19", 
            "modified_on": "2012-01-24 03:37:19", 
            "deleted_on": null
        }
    }, 
    {
        "pk": 5, 
        "model": "environments.environment", 
        "fields": {
            "profile": 1, 
            "elements": [
                1, 
                8
            ], 
            "modified_by": null, 
            "created_by": null, 
            "deleted_by": null, 
            "created_on": "2012-01-24 03:37:19", 
            "modified_on": "2012-01-24 03:37:19", 
            "deleted_on": null
        }
    }, 
    {
        "pk": 6, 
        "model": "environments.environment", 
        "fields": {
            "profile": 1, 
            "elements": [
                2, 
                4
            ], 
            "modified_by": null, 
            "created_by": null, 
            "deleted_by": null, 
            "created_on": "2012-01-24 03:37:19", 
            "modified_on": "2012-01-24 03:37:19", 
            "deleted_on": null
        }
    }, 
    {
        "pk": 7, 
        "model": "environments.environment", 
        "fields": {
            "profile": 1, 
            "elements": [
                2, 
                5
            ], 
            "modified_by": null, 
            "created_by": null, 
            "deleted_by": null, 
            "created_on": "2012-01-24 03:37:19", 
            "modified_on": "2012-01-24 03:37:19", 
            "deleted_on": null
        }
    }, 
    {
        "pk": 8, 
        "model": "environments.environment", 
        "fields": {
            "profile": 1, 
            "elements": [
                2, 
                6
            ], 
            "modified_by": null, 
            "created_by": null, 
            "deleted_by": null, 
            "created_on": "2012-01-24 03:37:19", 
            "modified_on": "2012-01-24 03:37:19", 
            "deleted_on": null
        }
    }, 
    {
        "pk": 9, 
        "model": "environments.environment", 
        "fields": {
            "profile": 1, 
            "elements": [
                2, 
                7
            ], 
            "modified_by": null, 
            "created_by": null, 
            "deleted_by": null, 
            "created_on": "2012-01-24 03:37:19", 
            "modified_on": "2012-01-24 03:37:19", 
            "deleted_on": null
        }
    }, 
    {
        "pk": 10, 
        "model": "environments.environment", 
        "fields": {
            "profile": 1, 
            "elements": [
                2, 
                8
            ], 
            "modified_by": null, 
            "created_by": null, 
            "deleted_by": null, 
            "created_on": "2012-01-24 03:37:19", 
            "modified_on": "2012-01-24 03:37:19", 
            "deleted_on": null
        }
    }, 
    {
        "pk": 11, 
        "model": "environments.environment", 
        "fields": {
            "profile": 1, 
            "elements": [
                3, 
                4
            ], 
            "modified_by": null, 
            "created_by": null, 
            "deleted_by": null, 
            "created_on": "2012-01-24 03:37:19", 
            "modified_on": "2012-01-24 03:37:19", 
            "deleted_on": null
        }
    }, 
    {
        "pk": 12, 
        "model": "environments.environment", 
        "fields": {
            "profile": 1, 
            "elements": [
                3, 
                5
            ], 
            "modified_by": null, 
            "created_by": null, 
            "deleted_by": null, 
            "created_on": "2012-01-24 03:37:19", 
            "modified_on": "2012-01-24 03:37:19", 
            "deleted_on": null
        }
    }, 
    {
        "pk": 13, 
        "model": "environments.environment", 
        "fields": {
            "profile": 1, 
            "elements": [
                3, 
                6
            ], 
            "modified_by": null, 
            "created_by": null, 
            "deleted_by": null, 
            "created_on": "2012-01-24 03:37:19", 
            "modified_on": "2012-01-24 03:37:19", 
            "deleted_on": null
        }
    }, 
    {
        "pk": 14, 
        "model": "environments.environment", 
        "fields": {
            "profile": 1, 
            "elements": [
                3, 
                7
            ], 
            "modified_by": null, 
            "created_by": null, 
            "deleted_by": null, 
            "created_on": "2012-01-24 03:37:19", 
            "modified_on": "2012-01-24 03:37:19", 
            "deleted_on": null
        }
    }, 
    {
        "pk": 15, 
        "model": "environments.environment", 
        "fields": {
            "profile": 1, 
            "elements": [
                3, 
                8
            ], 
            "modified_by": null, 
            "created_by": null, 
            "deleted_by": null, 
            "created_on": "2012-01-24 03:37:19", 
            "modified_on": "2012-01-24 03:37:19", 
            "deleted_on": null
        }
    }, 
    {
        "pk": 16, 
        "model": "environments.environment", 
        "fields": {
            "profile": 2, 
            "elements": [
                1, 
                4, 
                9
            ], 
            "modified_by": null, 
            "created_by": null, 
            "deleted_by": null, 
            "created_on": "2012-01-24 03:41:08", 
            "modified_on": "2012-01-24 03:41:08", 
            "deleted_on": null
        }
    }, 
    {
        "pk": 19, 
        "model": "environments.environment", 
        "fields": {
            "profile": 2, 
            "elements": [
                1, 
                4, 
                12
            ], 
            "modified_by": null, 
            "created_by": null, 
            "deleted_by": null, 
            "created_on": "2012-01-24 03:41:08", 
            "modified_on": "2012-01-24 03:41:08", 
            "deleted_on": null
        }
    }, 
    {
        "pk": 20, 
        "model": "environments.environment", 
        "fields": {
            "profile": 2, 
            "elements": [
                1, 
                5, 
                9
            ], 
            "modified_by": null, 
            "created_by": null, 
            "deleted_by": null, 
            "created_on": "2012-01-24 03:41:08", 
            "modified_on": "2012-01-24 03:41:08", 
            "deleted_on": null
        }
    }, 
    {
        "pk": 23, 
        "model": "environments.environment", 
        "fields": {
            "profile": 2, 
            "elements": [
                1, 
                5, 
                12
            ], 
            "modified_by": null, 
            "created_by": null, 
            "deleted_by": null, 
            "created_on": "2012-01-24 03:41:08", 
            "modified_on": "2012-01-24 03:41:08", 
            "deleted_on": null
        }
    }, 
    {
        "pk": 24, 
        "model": "environments.environment", 
        "fields": {
            "profile": 2, 
            "elements": [
                1, 
                6, 
                9
            ], 
            "modified_by": null, 
            "created_by": null, 
            "deleted_by": null, 
            "created_on": "2012-01-24 03:41:08", 
            "modified_on": "2012-01-24 03:41:08", 
            "deleted_on": null
        }
    }, 
    {
        "pk": 27, 
        "model": "environments.environment", 
        "fields": {
            "profile": 2, 
            "elements": [
                1, 
                6, 
                12
            ], 
            "modified_by": null, 
            "created_by": null, 
            "deleted_by": null, 
            "created_on": "2012-01-24 03:41:08", 
            "modified_on": "2012-01-24 03:41:08", 
            "deleted_on": null
        }
    }, 
    {
        "pk": 28, 
        "model": "environments.environment", 
        "fields": {
            "profile": 2, 
            "elements": [
                1, 
                7, 
                9
            ], 
            "modified_by": null, 
            "created_by": null, 
            "deleted_by": null, 
            "created_on": "2012-01-24 03:41:08", 
            "modified_on": "2012-01-24 03:41:08", 
            "deleted_on": null
        }
    }, 
    {
        "pk": 31, 
        "model": "environments.environment", 
        "fields": {
            "profile": 2, 
            "elements": [
                1, 
                7, 
                12
            ], 
            "modified_by": null, 
            "created_by": null, 
            "deleted_by": null, 
            "created_on": "2012-01-24 03:41:08", 
            "modified_on": "2012-01-24 03:41:08", 
            "deleted_on": null
        }
    }, 
    {
        "pk": 32, 
        "model": "environments.environment", 
        "fields": {
            "profile": 2, 
            "elements": [
                1, 
                8, 
                9
            ], 
            "modified_by": null, 
            "created_by": null, 
            "deleted_by": null, 
            "created_on": "2012-01-24 03:41:08", 
            "modified_on": "2012-01-24 03:41:08", 
            "deleted_on": null
        }
    }, 
    {
        "pk": 35, 
        "model": "environments.environment", 
        "fields": {
            "profile": 2, 
            "elements": [
                1, 
                8, 
                12
            ], 
            "modified_by": null, 
            "created_by": null, 
            "deleted_by": null, 
            "created_on": "2012-01-24 03:41:08", 
            "modified_on": "2012-01-24 03:41:08", 
            "deleted_on": null
        }
    }, 
    {
        "pk": 36, 
        "model": "environments.environment", 
        "fields": {
            "profile": 2, 
            "elements": [
                2, 
                4, 
                9
            ], 
            "modified_by": null, 
            "created_by": null, 
            "deleted_by": null, 
            "created_on": "2012-01-24 03:41:08", 
            "modified_on": "2012-01-24 03:41:08", 
            "deleted_on": null
        }
    }, 
    {
        "pk": 37, 
        "model": "environments.environment", 
        "fields": {
            "profile": 2, 
            "elements": [
                2, 
                4, 
                10
            ], 
            "modified_by": null, 
            "created_by": null, 
            "deleted_by": null, 
            "created_on": "2012-01-24 03:41:08", 
            "modified_on": "2012-01-24 03:41:08", 
            "deleted_on": null
        }
    }, 
    {
        "pk": 38, 
        "model": "environments.environment", 
        "fields": {
            "profile": 2, 
            "elements": [
                2, 
                4, 
                11
            ], 
            "modified_by": null, 
            "created_by": null, 
            "deleted_by": null, 
            "created_on": "2012-01-24 03:41:08", 
            "modified_on": "2012-01-24 03:41:08", 
            "deleted_on": null
        }
    }, 
    {
        "pk": 39, 
        "model": "environments.environment", 
        "fields": {
            "profile": 2, 
            "elements": [
                2, 
                4, 
                12
            ], 
            "modified_by": null, 
            "created_by": null, 
            "deleted_by": null, 
            "created_on": "2012-01-24 03:41:08", 
            "modified_on": "2012-01-24 03:41:08", 
            "deleted_on": null
        }
    }, 
    {
        "pk": 40, 
        "model": "environments.environment", 
        "fields": {
            "profile": 2, 
            "elements": [
                2, 
                5, 
                9
            ], 
            "modified_by": null, 
            "created_by": null, 
            "deleted_by": null, 
            "created_on": "2012-01-24 03:41:08", 
            "modified_on": "2012-01-24 03:41:08", 
            "deleted_on": null
        }
    }, 
    {
        "pk": 41, 
        "model": "environments.environment", 
        "fields": {
            "profile": 2, 
            "elements": [
                2, 
                5, 
                10
            ], 
            "modified_by": null, 
            "created_by": null, 
            "deleted_by": null, 
            "created_on": "2012-01-24 03:41:08", 
            "modified_on": "2012-01-24 03:41:08", 
            "deleted_on": null
        }
    }, 
    {
        "pk": 42, 
        "model": "environments.environment", 
        "fields": {
            "profile": 2, 
            "elements": [
                2, 
                5, 
                11
            ], 
            "modified_by": null, 
            "created_by": null, 
            "deleted_by": null, 
            "created_on": "2012-01-24 03:41:08", 
            "modified_on": "2012-01-24 03:41:08", 
            "deleted_on": null
        }
    }, 
    {
        "pk": 43, 
        "model": "environments.environment", 
        "fields": {
            "profile": 2, 
            "elements": [
                2, 
                5, 
                12
            ], 
            "modified_by": null, 
            "created_by": null, 
            "deleted_by": null, 
            "created_on": "2012-01-24 03:41:08", 
            "modified_on": "2012-01-24 03:41:08", 
            "deleted_on": null
        }
    }, 
    {
        "pk": 44, 
        "model": "environments.environment", 
        "fields": {
            "profile": 2, 
            "elements": [
                2, 
                6, 
                9
            ], 
            "modified_by": null, 
            "created_by": null, 
            "deleted_by": null, 
            "created_on": "2012-01-24 03:41:08", 
            "modified_on": "2012-01-24 03:41:08", 
            "deleted_on": null
        }
    }, 
    {
        "pk": 45, 
        "model": "environments.environment", 
        "fields": {
            "profile": 2, 
            "elements": [
                2, 
                6, 
                10
            ], 
            "modified_by": null, 
            "created_by": null, 
            "deleted_by": null, 
            "created_on": "2012-01-24 03:41:08", 
            "modified_on": "2012-01-24 03:41:08", 
            "deleted_on": null
        }
    }, 
    {
        "pk": 46, 
        "model": "environments.environment", 
        "fields": {
            "profile": 2, 
            "elements": [
                2, 
                6, 
                11
            ], 
            "modified_by": null, 
            "created_by": null, 
            "deleted_by": null, 
            "created_on": "2012-01-24 03:41:08", 
            "modified_on": "2012-01-24 03:41:08", 
            "deleted_on": null
        }
    }, 
    {
        "pk": 47, 
        "model": "environments.environment", 
        "fields": {
            "profile": 2, 
            "elements": [
                2, 
                6, 
                12
            ], 
            "modified_by": null, 
            "created_by": null, 
            "deleted_by": null, 
            "created_on": "2012-01-24 03:41:08", 
            "modified_on": "2012-01-24 03:41:08", 
            "deleted_on": null
        }
    }, 
    {
        "pk": 48, 
        "model": "environments.environment", 
        "fields": {
            "profile": 2, 
            "elements": [
                2, 
                7, 
                9
            ], 
            "modified_by": null, 
            "created_by": null, 
            "deleted_by": null, 
            "created_on": "2012-01-24 03:41:08", 
            "modified_on": "2012-01-24 03:41:08", 
            "deleted_on": null
        }
    }, 
    {
        "pk": 49, 
        "model": "environments.environment", 
        "fields": {
            "profile": 2, 
            "elements": [
                2, 
                7, 
                10
            ], 
            "modified_by": null, 
            "created_by": null, 
            "deleted_by": null, 
            "created_on": "2012-01-24 03:41:09", 
            "modified_on": "2012-01-24 03:41:09", 
            "deleted_on": null
        }
    }, 
    {
        "pk": 50, 
        "model": "environments.environment", 
        "fields": {
            "profile": 2, 
            "elements": [
                2, 
                7, 
                11
            ], 
            "modified_by": null, 
            "created_by": null, 
            "deleted_by": null, 
            "created_on": "2012-01-24 03:41:09", 
            "modified_on": "2012-01-24 03:41:09", 
            "deleted_on": null
        }
    }, 
    {
        "pk": 51, 
        "model": "environments.environment", 
        "fields": {
            "profile": 2, 
            "elements": [
                2, 
                7, 
                12
            ], 
            "modified_by": null, 
            "created_by": null, 
            "deleted_by": null, 
            "created_on": "2012-01-24 03:41:09", 
            "modified_on": "2012-01-24 03:41:09", 
            "deleted_on": null
        }
    }, 
    {
        "pk": 52, 
        "model": "environments.environment", 
        "fields": {
            "profile": 2, 
            "elements": [
                2, 
                8, 
                9
            ], 
            "modified_by": null, 
            "created_by": null, 
            "deleted_by": null, 
            "created_on": "2012-01-24 03:41:09", 
            "modified_on": "2012-01-24 03:41:09", 
            "deleted_on": null
        }
    }, 
    {
        "pk": 53, 
        "model": "environments.environment", 
        "fields": {
            "profile": 2, 
            "elements": [
                2, 
                8, 
                10
            ], 
            "modified_by": null, 
            "created_by": null, 
            "deleted_by": null, 
            "created_on": "2012-01-24 03:41:09", 
            "modified_on": "2012-01-24 03:41:09", 
            "deleted_on": null
        }
    }, 
    {
        "pk": 54, 
        "model": "environments.environment", 
        "fields": {
            "profile": 2, 
            "elements": [
                2, 
                8, 
                11
            ], 
            "modified_by": null, 
            "created_by": null, 
            "deleted_by": null, 
            "created_on": "2012-01-24 03:41:09", 
            "modified_on": "2012-01-24 03:41:09", 
            "deleted_on": null
        }
    }, 
    {
        "pk": 55, 
        "model": "environments.environment", 
        "fields": {
            "profile": 2, 
            "elements": [
                2, 
                8, 
                12
            ], 
            "modified_by": null, 
            "created_by": null, 
            "deleted_by": null, 
            "created_on": "2012-01-24 03:41:09", 
            "modified_on": "2012-01-24 03:41:09", 
            "deleted_on": null
        }
    }, 
    {
        "pk": 56, 
        "model": "environments.environment", 
        "fields": {
            "profile": 2, 
            "elements": [
                3, 
                4, 
                9
            ], 
            "modified_by": null, 
            "created_by": null, 
            "deleted_by": null, 
            "created_on": "2012-01-24 03:41:09", 
            "modified_on": "2012-01-24 03:41:09", 
            "deleted_on": null
        }
    }, 
    {
        "pk": 57, 
        "model": "environments.environment", 
        "fields": {
            "profile": 2, 
            "elements": [
                3, 
                4, 
                10
            ], 
            "modified_by": null, 
            "created_by": null, 
            "deleted_by": null, 
            "created_on": "2012-01-24 03:41:09", 
            "modified_on": "2012-01-24 03:41:09", 
            "deleted_on": null
        }
    }, 
    {
        "pk": 59, 
        "model": "environments.environment", 
        "fields": {
            "profile": 2, 
            "elements": [
                3, 
                4, 
                12
            ], 
            "modified_by": null, 
            "created_by": null, 
            "deleted_by": null, 
            "created_on": "2012-01-24 03:41:09", 
            "modified_on": "2012-01-24 03:41:09", 
            "deleted_on": null
        }
    }, 
    {
        "pk": 60, 
        "model": "environments.environment", 
        "fields": {
            "profile": 2, 
            "elements": [
                3, 
                5, 
                9
            ], 
            "modified_by": null, 
            "created_by": null, 
            "deleted_by": null, 
            "created_on": "2012-01-24 03:41:09", 
            "modified_on": "2012-01-24 03:41:09", 
            "deleted_on": null
        }
    }, 
    {
        "pk": 61, 
        "model": "environments.environment", 
        "fields": {
            "profile": 2, 
            "elements": [
                3, 
                5, 
                10
            ], 
            "modified_by": null, 
            "created_by": null, 
            "deleted_by": null, 
            "created_on": "2012-01-24 03:41:09", 
            "modified_on": "2012-01-24 03:41:09", 
            "deleted_on": null
        }
    }, 
    {
        "pk": 63, 
        "model": "environments.environment", 
        "fields": {
            "profile": 2, 
            "elements": [
                3, 
                5, 
                12
            ], 
            "modified_by": null, 
            "created_by": null, 
            "deleted_by": null, 
            "created_on": "2012-01-24 03:41:09", 
            "modified_on": "2012-01-24 03:41:09", 
            "deleted_on": null
        }
    }, 
    {
        "pk": 64, 
        "model": "environments.environment", 
        "fields": {
            "profile": 2, 
            "elements": [
                3, 
                6, 
                9
            ], 
            "modified_by": null, 
            "created_by": null, 
            "deleted_by": null, 
            "created_on": "2012-01-24 03:41:09", 
            "modified_on": "2012-01-24 03:41:09", 
            "deleted_on": null
        }
    }, 
    {
        "pk": 65, 
        "model": "environments.environment", 
        "fields": {
            "profile": 2, 
            "elements": [
                3, 
                6, 
                10
            ], 
            "modified_by": null, 
            "created_by": null, 
            "deleted_by": null, 
            "created_on": "2012-01-24 03:41:09", 
            "modified_on": "2012-01-24 03:41:09", 
            "deleted_on": null
        }
    }, 
    {
        "pk": 67, 
        "model": "environments.environment", 
        "fields": {
            "profile": 2, 
            "elements": [
                3, 
                6, 
                12
            ], 
            "modified_by": null, 
            "created_by": null, 
            "deleted_by": null, 
            "created_on": "2012-01-24 03:41:09", 
            "modified_on": "2012-01-24 03:41:09", 
            "deleted_on": null
        }
    }, 
    {
        "pk": 68, 
        "model": "environments.environment", 
        "fields": {
            "profile": 2, 
            "elements": [
                3, 
                7, 
                9
            ], 
            "modified_by": null, 
            "created_by": null, 
            "deleted_by": null, 
            "created_on": "2012-01-24 03:41:09", 
            "modified_on": "2012-01-24 03:41:09", 
            "deleted_on": null
        }
    }, 
    {
        "pk": 69, 
        "model": "environments.environment", 
        "fields": {
            "profile": 2, 
            "elements": [
                3, 
                7, 
                10
            ], 
            "modified_by": null, 
            "created_by": null, 
            "deleted_by": null, 
            "created_on": "2012-01-24 03:41:09", 
            "modified_on": "2012-01-24 03:41:09", 
            "deleted_on": null
        }
    }, 
    {
        "pk": 71, 
        "model": "environments.environment", 
        "fields": {
            "profile": 2, 
            "elements": [
                3, 
                7, 
                12
            ], 
            "modified_by": null, 
            "created_by": null, 
            "deleted_by": null, 
            "created_on": "2012-01-24 03:41:09", 
            "modified_on": "2012-01-24 03:41:09", 
            "deleted_on": null
        }
    }, 
    {
        "pk": 72, 
        "model": "environments.environment", 
        "fields": {
            "profile": 2, 
            "elements": [
                3, 
                8, 
                9
            ], 
            "modified_by": null, 
            "created_by": null, 
            "deleted_by": null, 
            "created_on": "2012-01-24 03:41:09", 
            "modified_on": "2012-01-24 03:41:09", 
            "deleted_on": null
        }
    }, 
    {
        "pk": 73, 
        "model": "environments.environment", 
        "fields": {
            "profile": 2, 
            "elements": [
                3, 
                8, 
                10
            ], 
            "modified_by": null, 
            "created_by": null, 
            "deleted_by": null, 
            "created_on": "2012-01-24 03:41:09", 
            "modified_on": "2012-01-24 03:41:09", 
            "deleted_on": null
        }
    }, 
    {
        "pk": 75, 
        "model": "environments.environment", 
        "fields": {
            "profile": 2, 
            "elements": [
                3, 
                8, 
                12
            ], 
            "modified_by": null, 
            "created_by": null, 
            "deleted_by": null, 
            "created_on": "2012-01-24 03:41:09", 
            "modified_on": "2012-01-24 03:41:09", 
            "deleted_on": null
        }
    }, 
    {
        "pk": 1, 
        "model": "tags.tag", 
        "fields": {
            "product": 1, 
            "modified_by": null, 
            "name": "execution", 
            "created_by": null, 
            "deleted_by": null, 
            "created_on": "2012-01-24 04:01:08", 
            "modified_on": "2012-01-24 04:01:08", 
            "deleted_on": null
        }
    }
]