[
    {
        "pk": 2, 
        "model": "auth.group", 
        "fields": {
            "name": "Admin", 
            "permissions": [
                [
                    "manage_products", 
                    "core", 
                    "product"
                ], 
                [
                    "manage_users", 
                    "core", 
                    "product"
                ], 
                [
                    "manage_environments", 
                    "environments", 
                    "environment"
                ], 
                [
                    "review_results", 
                    "execution", 
                    "result"
                ], 
                [
                    "manage_runs", 
                    "execution", 
                    "run"
                ], 
                [
                    "execute", 
                    "execution", 
                    "runcaseversion"
                ], 
                [
                    "create_cases", 
                    "library", 
                    "case"
                ], 
                [
                    "manage_cases", 
                    "library", 
                    "case"
                ], 
                [
                    "manage_suites", 
                    "library", 
                    "suite"
                ], 
                [
                    "manage_suite_cases", 
                    "library", 
                    "suitecase"
                ], 
                [
                    "manage_tags", 
                    "tags", 
                    "tag"
                ]
            ]
        }
    }, 
    {
        "pk": 1, 
        "model": "auth.group", 
        "fields": {
            "name": "Test Creator", 
            "permissions": [
                [
                    "execute", 
                    "execution", 
                    "runcaseversion"
                ], 
                [
                    "create_cases", 
                    "library", 
                    "case"
                ], 
                [
                    "manage_suite_cases", 
                    "library", 
                    "suitecase"
                ]
            ]
        }
    }, 
    {
        "pk": 3, 
        "model": "auth.group", 
        "fields": {
            "name": "Test Manager", 
            "permissions": [
                [
                    "manage_environments", 
                    "environments", 
                    "environment"
                ], 
                [
                    "review_results", 
                    "execution", 
                    "result"
                ], 
                [
                    "manage_runs", 
                    "execution", 
                    "run"
                ], 
                [
                    "execute", 
                    "execution", 
                    "runcaseversion"
                ], 
                [
                    "create_cases", 
                    "library", 
                    "case"
                ], 
                [
                    "manage_cases", 
                    "library", 
                    "case"
                ], 
                [
                    "manage_suites", 
                    "library", 
                    "suite"
                ], 
                [
                    "manage_suite_cases", 
                    "library", 
                    "suitecase"
                ], 
                [
                    "manage_tags", 
                    "tags", 
                    "tag"
                ]
            ]
        }
    }, 
    {
        "pk": 4, 
        "model": "auth.group", 
        "fields": {
            "name": "Tester", 
            "permissions": [
                [
                    "execute", 
                    "execution", 
                    "runcaseversion"
                ]
            ]
        }
    }, 
    {
        "pk": 2, 
        "model": "auth.user", 
        "fields": {
            "username": "tester", 
            "first_name": "", 
            "last_name": "", 
            "is_active": true, 
            "is_superuser": false, 
            "is_staff": false, 
            "last_login": "2012-03-20 18:48:34", 
            "groups": [
                4
            ], 
            "user_permissions": [], 
            "password": "bcrypt$2a$12$9.w2n/U6bHOjHcrf63bC/.2vOAt/SQnsVZhhZXkNyXWK7ydnsL/ZK$default", 
            "email": "tester@example.com", 
            "date_joined": "2012-03-20 18:48:34"
        }
    }, 
    {
        "pk": 3, 
        "model": "auth.user", 
        "fields": {
            "username": "creator", 
            "first_name": "", 
            "last_name": "", 
            "is_active": true, 
            "is_superuser": false, 
            "is_staff": false, 
            "last_login": "2012-03-20 18:48:34", 
            "groups": [
                1
            ], 
            "user_permissions": [], 
            "password": "bcrypt$2a$12$PQYMQl.0KecOUel9VARoa.gc2vC1BgLELYgCkwxlaN9Dd9Uj.zjOe$default", 
            "email": "creator@example.com", 
            "date_joined": "2012-03-20 18:48:34"
        }
    }, 
    {
        "pk": 4, 
        "model": "auth.user", 
        "fields": {
            "username": "manager", 
            "first_name": "", 
            "last_name": "", 
            "is_active": true, 
            "is_superuser": false, 
            "is_staff": false, 
            "last_login": "2012-03-20 18:48:34", 
            "groups": [
                3
            ], 
            "user_permissions": [], 
            "password": "bcrypt$2a$12$W5Nb/puixedF89L5S5WOaeSdQYSD02Q8Pzz0zz9tnYn.YuYg7ZPqW$default", 
            "email": "manager@example.com", 
            "date_joined": "2012-03-20 18:48:34"
        }
    }, 
    {
        "pk": 5, 
        "model": "auth.user", 
        "fields": {
            "username": "admin", 
            "first_name": "", 
            "last_name": "", 
            "is_active": true, 
            "is_superuser": false, 
            "is_staff": false, 
            "last_login": "2012-03-20 18:48:34", 
            "groups": [
                2
            ], 
            "user_permissions": [], 
            "password": "bcrypt$2a$12$nWDA0.m.a1xfCb74F97fJu6f2r8Jq/m2oYVKgN5ThM5U69B6tyAty$default", 
            "email": "admin@example.com", 
            "date_joined": "2012-03-20 18:48:34"
        }
    }, 
    {
        "pk": 1, 
        "model": "environments.profile", 
        "fields": {
            "modified_by": 5, 
            "name": "Website Testing Environments", 
            "created_by": 5, 
            "deleted_by": null, 
            "created_on": "2012-03-21 00:48:36", 
            "cc_version": 0, 
            "modified_on": "2012-03-21 00:48:36", 
            "deleted_on": null
        }
    }, 
    {
        "pk": 2, 
        "model": "environments.profile", 
        "fields": {
            "modified_by": 5, 
            "name": "Browser Testing Environments", 
            "created_by": 5, 
            "deleted_by": null, 
            "created_on": "2012-03-21 00:48:36", 
            "cc_version": 0, 
            "modified_on": "2012-03-21 00:48:36", 
            "deleted_on": null
        }
    }, 
    {
        "pk": 1, 
        "model": "environments.category", 
        "fields": {
            "modified_by": 5, 
            "name": "Browser", 
            "created_by": 5, 
            "deleted_by": null, 
            "created_on": "2012-03-21 00:48:36", 
            "cc_version": 0, 
            "modified_on": "2012-03-21 00:48:36", 
            "deleted_on": null
        }
    }, 
    {
        "pk": 2, 
        "model": "environments.category", 
        "fields": {
            "modified_by": 5, 
            "name": "Language", 
            "created_by": 5, 
            "deleted_by": null, 
            "created_on": "2012-03-21 00:48:36", 
            "cc_version": 0, 
            "modified_on": "2012-03-21 00:48:36", 
            "deleted_on": null
        }
    }, 
    {
        "pk": 3, 
        "model": "environments.category", 
        "fields": {
            "modified_by": 5, 
            "name": "Operating System", 
            "created_by": 5, 
            "deleted_by": null, 
            "created_on": "2012-03-21 00:48:36", 
            "cc_version": 0, 
            "modified_on": "2012-03-21 00:48:36", 
            "deleted_on": null
        }
    }, 
    {
        "pk": 3, 
        "model": "environments.element", 
        "fields": {
            "category": 1, 
            "modified_by": 5, 
            "name": "Chrome", 
            "created_by": 5, 
            "deleted_by": null, 
            "created_on": "2012-03-21 00:48:36", 
            "cc_version": 0, 
            "modified_on": "2012-03-21 00:48:36", 
            "deleted_on": null
        }
    }, 
    {
        "pk": 5, 
        "model": "environments.element", 
        "fields": {
            "category": 2, 
            "modified_by": 5, 
            "name": "English", 
            "created_by": 5, 
            "deleted_by": null, 
            "created_on": "2012-03-21 00:48:36", 
            "cc_version": 0, 
            "modified_on": "2012-03-21 00:48:36", 
            "deleted_on": null
        }
    }, 
    {
        "pk": 1, 
        "model": "environments.element", 
        "fields": {
            "category": 1, 
            "modified_by": 5, 
            "name": "Firefox", 
            "created_by": 5, 
            "deleted_by": null, 
            "created_on": "2012-03-21 00:48:36", 
            "cc_version": 0, 
            "modified_on": "2012-03-21 00:48:36", 
            "deleted_on": null
        }
    }, 
    {
        "pk": 8, 
        "model": "environments.element", 
        "fields": {
            "category": 2, 
            "modified_by": 5, 
            "name": "French", 
            "created_by": 5, 
            "deleted_by": null, 
            "created_on": "2012-03-21 00:48:36", 
            "cc_version": 0, 
            "modified_on": "2012-03-21 00:48:36", 
            "deleted_on": null
        }
    }, 
    {
        "pk": 9, 
        "model": "environments.element", 
        "fields": {
            "category": 2, 
            "modified_by": 5, 
            "name": "German", 
            "created_by": 5, 
            "deleted_by": null, 
            "created_on": "2012-03-21 00:48:36", 
            "cc_version": 0, 
            "modified_on": "2012-03-21 00:48:36", 
            "deleted_on": null
        }
    }, 
    {
        "pk": 4, 
        "model": "environments.element", 
        "fields": {
            "category": 1, 
            "modified_by": 5, 
            "name": "Internet Explorer", 
            "created_by": 5, 
            "deleted_by": null, 
            "created_on": "2012-03-21 00:48:36", 
            "cc_version": 0, 
            "modified_on": "2012-03-21 00:48:36", 
            "deleted_on": null
        }
    }, 
    {
        "pk": 11, 
        "model": "environments.element", 
        "fields": {
            "category": 3, 
            "modified_by": 5, 
            "name": "Linux", 
            "created_by": 5, 
            "deleted_by": null, 
            "created_on": "2012-03-21 00:48:36", 
            "cc_version": 0, 
            "modified_on": "2012-03-21 00:48:36", 
            "deleted_on": null
        }
    }, 
    {
        "pk": 7, 
        "model": "environments.element", 
        "fields": {
            "category": 2, 
            "modified_by": 5, 
            "name": "Mandarin", 
            "created_by": 5, 
            "deleted_by": null, 
            "created_on": "2012-03-21 00:48:36", 
            "cc_version": 0, 
            "modified_on": "2012-03-21 00:48:36", 
            "deleted_on": null
        }
    }, 
    {
        "pk": 12, 
        "model": "environments.element", 
        "fields": {
            "category": 3, 
            "modified_by": 5, 
            "name": "OS X", 
            "created_by": 5, 
            "deleted_by": null, 
            "created_on": "2012-03-21 00:48:36", 
            "cc_version": 0, 
            "modified_on": "2012-03-21 00:48:36", 
            "deleted_on": null
        }
    }, 
    {
        "pk": 2, 
        "model": "environments.element", 
        "fields": {
            "category": 1, 
            "modified_by": 5, 
            "name": "Safari", 
            "created_by": 5, 
            "deleted_by": null, 
            "created_on": "2012-03-21 00:48:36", 
            "cc_version": 0, 
            "modified_on": "2012-03-21 00:48:36", 
            "deleted_on": null
        }
    }, 
    {
        "pk": 6, 
        "model": "environments.element", 
        "fields": {
            "category": 2, 
            "modified_by": 5, 
            "name": "Spanish", 
            "created_by": 5, 
            "deleted_by": null, 
            "created_on": "2012-03-21 00:48:36", 
            "cc_version": 0, 
            "modified_on": "2012-03-21 00:48:36", 
            "deleted_on": null
        }
    }, 
    {
        "pk": 10, 
        "model": "environments.element", 
        "fields": {
            "category": 3, 
            "modified_by": 5, 
            "name": "Windows", 
            "created_by": 5, 
            "deleted_by": null, 
            "created_on": "2012-03-21 00:48:36", 
            "cc_version": 0, 
            "modified_on": "2012-03-21 00:48:36", 
            "deleted_on": null
        }
    }, 
    {
        "pk": 1, 
        "model": "environments.environment", 
        "fields": {
            "profile": 1, 
            "elements": [
                3, 
                7, 
                10
            ], 
            "modified_by": 5, 
            "created_by": 5, 
            "deleted_by": null, 
            "created_on": "2012-03-21 00:48:36", 
            "cc_version": 0, 
            "modified_on": "2012-03-21 00:48:36", 
            "deleted_on": null
        }
    }, 
    {
        "pk": 2, 
        "model": "environments.environment", 
        "fields": {
            "profile": 1, 
            "elements": [
                3, 
                7, 
                12
            ], 
            "modified_by": 5, 
            "created_by": 5, 
            "deleted_by": null, 
            "created_on": "2012-03-21 00:48:36", 
            "cc_version": 0, 
            "modified_on": "2012-03-21 00:48:36", 
            "deleted_on": null
        }
    }, 
    {
        "pk": 3, 
        "model": "environments.environment", 
        "fields": {
            "profile": 1, 
            "elements": [
                3, 
                11, 
                7
            ], 
            "modified_by": 5, 
            "created_by": 5, 
            "deleted_by": null, 
            "created_on": "2012-03-21 00:48:36", 
            "cc_version": 0, 
            "modified_on": "2012-03-21 00:48:36", 
            "deleted_on": null
        }
    }, 
    {
        "pk": 4, 
        "model": "environments.environment", 
        "fields": {
            "profile": 1, 
            "elements": [
                3, 
                9, 
                10
            ], 
            "modified_by": 5, 
            "created_by": 5, 
            "deleted_by": null, 
            "created_on": "2012-03-21 00:48:36", 
            "cc_version": 0, 
            "modified_on": "2012-03-21 00:48:36", 
            "deleted_on": null
        }
    }, 
    {
        "pk": 5, 
        "model": "environments.environment", 
        "fields": {
            "profile": 1, 
            "elements": [
                3, 
                9, 
                12
            ], 
            "modified_by": 5, 
            "created_by": 5, 
            "deleted_by": null, 
            "created_on": "2012-03-21 00:48:36", 
            "cc_version": 0, 
            "modified_on": "2012-03-21 00:48:36", 
            "deleted_on": null
        }
    }, 
    {
        "pk": 6, 
        "model": "environments.environment", 
        "fields": {
            "profile": 1, 
            "elements": [
                3, 
                9, 
                11
            ], 
            "modified_by": 5, 
            "created_by": 5, 
            "deleted_by": null, 
            "created_on": "2012-03-21 00:48:36", 
            "cc_version": 0, 
            "modified_on": "2012-03-21 00:48:36", 
            "deleted_on": null
        }
    }, 
    {
        "pk": 7, 
        "model": "environments.environment", 
        "fields": {
            "profile": 1, 
            "elements": [
                3, 
                6, 
                10
            ], 
            "modified_by": 5, 
            "created_by": 5, 
            "deleted_by": null, 
            "created_on": "2012-03-21 00:48:36", 
            "cc_version": 0, 
            "modified_on": "2012-03-21 00:48:36", 
            "deleted_on": null
        }
    }, 
    {
        "pk": 8, 
        "model": "environments.environment", 
        "fields": {
            "profile": 1, 
            "elements": [
                3, 
                12, 
                6
            ], 
            "modified_by": 5, 
            "created_by": 5, 
            "deleted_by": null, 
            "created_on": "2012-03-21 00:48:36", 
            "cc_version": 0, 
            "modified_on": "2012-03-21 00:48:36", 
            "deleted_on": null
        }
    }, 
    {
        "pk": 9, 
        "model": "environments.environment", 
        "fields": {
            "profile": 1, 
            "elements": [
                3, 
                11, 
                6
            ], 
            "modified_by": 5, 
            "created_by": 5, 
            "deleted_by": null, 
            "created_on": "2012-03-21 00:48:36", 
            "cc_version": 0, 
            "modified_on": "2012-03-21 00:48:36", 
            "deleted_on": null
        }
    }, 
    {
        "pk": 10, 
        "model": "environments.environment", 
        "fields": {
            "profile": 1, 
            "elements": [
                3, 
                8, 
                10
            ], 
            "modified_by": 5, 
            "created_by": 5, 
            "deleted_by": null, 
            "created_on": "2012-03-21 00:48:36", 
            "cc_version": 0, 
            "modified_on": "2012-03-21 00:48:36", 
            "deleted_on": null
        }
    }, 
    {
        "pk": 11, 
        "model": "environments.environment", 
        "fields": {
            "profile": 1, 
            "elements": [
                3, 
                8, 
                12
            ], 
            "modified_by": 5, 
            "created_by": 5, 
            "deleted_by": null, 
            "created_on": "2012-03-21 00:48:36", 
            "cc_version": 0, 
            "modified_on": "2012-03-21 00:48:36", 
            "deleted_on": null
        }
    }, 
    {
        "pk": 12, 
        "model": "environments.environment", 
        "fields": {
            "profile": 1, 
            "elements": [
                3, 
                8, 
                11
            ], 
            "modified_by": 5, 
            "created_by": 5, 
            "deleted_by": null, 
            "created_on": "2012-03-21 00:48:36", 
            "cc_version": 0, 
            "modified_on": "2012-03-21 00:48:36", 
            "deleted_on": null
        }
    }, 
    {
        "pk": 13, 
        "model": "environments.environment", 
        "fields": {
            "profile": 1, 
            "elements": [
                3, 
                5, 
                10
            ], 
            "modified_by": 5, 
            "created_by": 5, 
            "deleted_by": null, 
            "created_on": "2012-03-21 00:48:36", 
            "cc_version": 0, 
            "modified_on": "2012-03-21 00:48:36", 
            "deleted_on": null
        }
    }, 
    {
        "pk": 14, 
        "model": "environments.environment", 
        "fields": {
            "profile": 1, 
            "elements": [
                3, 
                5, 
                12
            ], 
            "modified_by": 5, 
            "created_by": 5, 
            "deleted_by": null, 
            "created_on": "2012-03-21 00:48:36", 
            "cc_version": 0, 
            "modified_on": "2012-03-21 00:48:36", 
            "deleted_on": null
        }
    }, 
    {
        "pk": 15, 
        "model": "environments.environment", 
        "fields": {
            "profile": 1, 
            "elements": [
                3, 
                5, 
                11
            ], 
            "modified_by": 5, 
            "created_by": 5, 
            "deleted_by": null, 
            "created_on": "2012-03-21 00:48:36", 
            "cc_version": 0, 
            "modified_on": "2012-03-21 00:48:36", 
            "deleted_on": null
        }
    }, 
    {
        "pk": 16, 
        "model": "environments.environment", 
        "fields": {
            "profile": 1, 
            "elements": [
                4, 
                7, 
                10
            ], 
            "modified_by": 5, 
            "created_by": 5, 
            "deleted_by": null, 
            "created_on": "2012-03-21 00:48:36", 
            "cc_version": 0, 
            "modified_on": "2012-03-21 00:48:36", 
            "deleted_on": null
        }
    }, 
    {
        "pk": 17, 
        "model": "environments.environment", 
        "fields": {
            "profile": 1, 
            "elements": [
                9, 
                4, 
                10
            ], 
            "modified_by": 5, 
            "created_by": 5, 
            "deleted_by": null, 
            "created_on": "2012-03-21 00:48:36", 
            "cc_version": 0, 
            "modified_on": "2012-03-21 00:48:36", 
            "deleted_on": null
        }
    }, 
    {
        "pk": 18, 
        "model": "environments.environment", 
        "fields": {
            "profile": 1, 
            "elements": [
                4, 
                6, 
                10
            ], 
            "modified_by": 5, 
            "created_by": 5, 
            "deleted_by": null, 
            "created_on": "2012-03-21 00:48:36", 
            "cc_version": 0, 
            "modified_on": "2012-03-21 00:48:36", 
            "deleted_on": null
        }
    }, 
    {
        "pk": 19, 
        "model": "environments.environment", 
        "fields": {
            "profile": 1, 
            "elements": [
                8, 
                4, 
                10
            ], 
            "modified_by": 5, 
            "created_by": 5, 
            "deleted_by": null, 
            "created_on": "2012-03-21 00:48:36", 
            "cc_version": 0, 
            "modified_on": "2012-03-21 00:48:36", 
            "deleted_on": null
        }
    }, 
    {
        "pk": 20, 
        "model": "environments.environment", 
        "fields": {
            "profile": 1, 
            "elements": [
                5, 
                4, 
                10
            ], 
            "modified_by": 5, 
            "created_by": 5, 
            "deleted_by": null, 
            "created_on": "2012-03-21 00:48:36", 
            "cc_version": 0, 
            "modified_on": "2012-03-21 00:48:36", 
            "deleted_on": null
        }
    }, 
    {
        "pk": 21, 
        "model": "environments.environment", 
        "fields": {
            "profile": 1, 
            "elements": [
                1, 
                7, 
                10
            ], 
            "modified_by": 5, 
            "created_by": 5, 
            "deleted_by": null, 
            "created_on": "2012-03-21 00:48:36", 
            "cc_version": 0, 
            "modified_on": "2012-03-21 00:48:36", 
            "deleted_on": null
        }
    }, 
    {
        "pk": 22, 
        "model": "environments.environment", 
        "fields": {
            "profile": 1, 
            "elements": [
                1, 
                7, 
                12
            ], 
            "modified_by": 5, 
            "created_by": 5, 
            "deleted_by": null, 
            "created_on": "2012-03-21 00:48:36", 
            "cc_version": 0, 
            "modified_on": "2012-03-21 00:48:36", 
            "deleted_on": null
        }
    }, 
    {
        "pk": 23, 
        "model": "environments.environment", 
        "fields": {
            "profile": 1, 
            "elements": [
                1, 
                11, 
                7
            ], 
            "modified_by": 5, 
            "created_by": 5, 
            "deleted_by": null, 
            "created_on": "2012-03-21 00:48:36", 
            "cc_version": 0, 
            "modified_on": "2012-03-21 00:48:36", 
            "deleted_on": null
        }
    }, 
    {
        "pk": 24, 
        "model": "environments.environment", 
        "fields": {
            "profile": 1, 
            "elements": [
                1, 
                9, 
                10
            ], 
            "modified_by": 5, 
            "created_by": 5, 
            "deleted_by": null, 
            "created_on": "2012-03-21 00:48:36", 
            "cc_version": 0, 
            "modified_on": "2012-03-21 00:48:36", 
            "deleted_on": null
        }
    }, 
    {
        "pk": 25, 
        "model": "environments.environment", 
        "fields": {
            "profile": 1, 
            "elements": [
                1, 
                9, 
                12
            ], 
            "modified_by": 5, 
            "created_by": 5, 
            "deleted_by": null, 
            "created_on": "2012-03-21 00:48:36", 
            "cc_version": 0, 
            "modified_on": "2012-03-21 00:48:36", 
            "deleted_on": null
        }
    }, 
    {
        "pk": 26, 
        "model": "environments.environment", 
        "fields": {
            "profile": 1, 
            "elements": [
                1, 
                9, 
                11
            ], 
            "modified_by": 5, 
            "created_by": 5, 
            "deleted_by": null, 
            "created_on": "2012-03-21 00:48:36", 
            "cc_version": 0, 
            "modified_on": "2012-03-21 00:48:36", 
            "deleted_on": null
        }
    }, 
    {
        "pk": 27, 
        "model": "environments.environment", 
        "fields": {
            "profile": 1, 
            "elements": [
                1, 
                6, 
                10
            ], 
            "modified_by": 5, 
            "created_by": 5, 
            "deleted_by": null, 
            "created_on": "2012-03-21 00:48:36", 
            "cc_version": 0, 
            "modified_on": "2012-03-21 00:48:36", 
            "deleted_on": null
        }
    }, 
    {
        "pk": 28, 
        "model": "environments.environment", 
        "fields": {
            "profile": 1, 
            "elements": [
                1, 
                12, 
                6
            ], 
            "modified_by": 5, 
            "created_by": 5, 
            "deleted_by": null, 
            "created_on": "2012-03-21 00:48:36", 
            "cc_version": 0, 
            "modified_on": "2012-03-21 00:48:36", 
            "deleted_on": null
        }
    }, 
    {
        "pk": 29, 
        "model": "environments.environment", 
        "fields": {
            "profile": 1, 
            "elements": [
                1, 
                11, 
                6
            ], 
            "modified_by": 5, 
            "created_by": 5, 
            "deleted_by": null, 
            "created_on": "2012-03-21 00:48:36", 
            "cc_version": 0, 
            "modified_on": "2012-03-21 00:48:36", 
            "deleted_on": null
        }
    }, 
    {
        "pk": 30, 
        "model": "environments.environment", 
        "fields": {
            "profile": 1, 
            "elements": [
                1, 
                8, 
                10
            ], 
            "modified_by": 5, 
            "created_by": 5, 
            "deleted_by": null, 
            "created_on": "2012-03-21 00:48:36", 
            "cc_version": 0, 
            "modified_on": "2012-03-21 00:48:36", 
            "deleted_on": null
        }
    }, 
    {
        "pk": 31, 
        "model": "environments.environment", 
        "fields": {
            "profile": 1, 
            "elements": [
                1, 
                8, 
                12
            ], 
            "modified_by": 5, 
            "created_by": 5, 
            "deleted_by": null, 
            "created_on": "2012-03-21 00:48:36", 
            "cc_version": 0, 
            "modified_on": "2012-03-21 00:48:36", 
            "deleted_on": null
        }
    }, 
    {
        "pk": 32, 
        "model": "environments.environment", 
        "fields": {
            "profile": 1, 
            "elements": [
                1, 
                8, 
                11
            ], 
            "modified_by": 5, 
            "created_by": 5, 
            "deleted_by": null, 
            "created_on": "2012-03-21 00:48:36", 
            "cc_version": 0, 
            "modified_on": "2012-03-21 00:48:36", 
            "deleted_on": null
        }
    }, 
    {
        "pk": 33, 
        "model": "environments.environment", 
        "fields": {
            "profile": 1, 
            "elements": [
                5, 
                1, 
                10
            ], 
            "modified_by": 5, 
            "created_by": 5, 
            "deleted_by": null, 
            "created_on": "2012-03-21 00:48:36", 
            "cc_version": 0, 
            "modified_on": "2012-03-21 00:48:36", 
            "deleted_on": null
        }
    }, 
    {
        "pk": 34, 
        "model": "environments.environment", 
        "fields": {
            "profile": 1, 
            "elements": [
                5, 
                1, 
                12
            ], 
            "modified_by": 5, 
            "created_by": 5, 
            "deleted_by": null, 
            "created_on": "2012-03-21 00:48:36", 
            "cc_version": 0, 
            "modified_on": "2012-03-21 00:48:36", 
            "deleted_on": null
        }
    }, 
    {
        "pk": 35, 
        "model": "environments.environment", 
        "fields": {
            "profile": 1, 
            "elements": [
                5, 
                1, 
                11
            ], 
            "modified_by": 5, 
            "created_by": 5, 
            "deleted_by": null, 
            "created_on": "2012-03-21 00:48:36", 
            "cc_version": 0, 
            "modified_on": "2012-03-21 00:48:36", 
            "deleted_on": null
        }
    }, 
    {
        "pk": 36, 
        "model": "environments.environment", 
        "fields": {
            "profile": 1, 
            "elements": [
                7, 
                2, 
                10
            ], 
            "modified_by": 5, 
            "created_by": 5, 
            "deleted_by": null, 
            "created_on": "2012-03-21 00:48:36", 
            "cc_version": 0, 
            "modified_on": "2012-03-21 00:48:36", 
            "deleted_on": null
        }
    }, 
    {
        "pk": 37, 
        "model": "environments.environment", 
        "fields": {
            "profile": 1, 
            "elements": [
                7, 
                12, 
                2
            ], 
            "modified_by": 5, 
            "created_by": 5, 
            "deleted_by": null, 
            "created_on": "2012-03-21 00:48:36", 
            "cc_version": 0, 
            "modified_on": "2012-03-21 00:48:36", 
            "deleted_on": null
        }
    }, 
    {
        "pk": 38, 
        "model": "environments.environment", 
        "fields": {
            "profile": 1, 
            "elements": [
                9, 
                2, 
                10
            ], 
            "modified_by": 5, 
            "created_by": 5, 
            "deleted_by": null, 
            "created_on": "2012-03-21 00:48:36", 
            "cc_version": 0, 
            "modified_on": "2012-03-21 00:48:36", 
            "deleted_on": null
        }
    }, 
    {
        "pk": 39, 
        "model": "environments.environment", 
        "fields": {
            "profile": 1, 
            "elements": [
                9, 
                12, 
                2
            ], 
            "modified_by": 5, 
            "created_by": 5, 
            "deleted_by": null, 
            "created_on": "2012-03-21 00:48:36", 
            "cc_version": 0, 
            "modified_on": "2012-03-21 00:48:36", 
            "deleted_on": null
        }
    }, 
    {
        "pk": 40, 
        "model": "environments.environment", 
        "fields": {
            "profile": 1, 
            "elements": [
                2, 
                6, 
                10
            ], 
            "modified_by": 5, 
            "created_by": 5, 
            "deleted_by": null, 
            "created_on": "2012-03-21 00:48:36", 
            "cc_version": 0, 
            "modified_on": "2012-03-21 00:48:36", 
            "deleted_on": null
        }
    }, 
    {
        "pk": 41, 
        "model": "environments.environment", 
        "fields": {
            "profile": 1, 
            "elements": [
                12, 
                2, 
                6
            ], 
            "modified_by": 5, 
            "created_by": 5, 
            "deleted_by": null, 
            "created_on": "2012-03-21 00:48:36", 
            "cc_version": 0, 
            "modified_on": "2012-03-21 00:48:36", 
            "deleted_on": null
        }
    }, 
    {
        "pk": 42, 
        "model": "environments.environment", 
        "fields": {
            "profile": 1, 
            "elements": [
                8, 
                2, 
                10
            ], 
            "modified_by": 5, 
            "created_by": 5, 
            "deleted_by": null, 
            "created_on": "2012-03-21 00:48:36", 
            "cc_version": 0, 
            "modified_on": "2012-03-21 00:48:36", 
            "deleted_on": null
        }
    }, 
    {
        "pk": 43, 
        "model": "environments.environment", 
        "fields": {
            "profile": 1, 
            "elements": [
                8, 
                12, 
                2
            ], 
            "modified_by": 5, 
            "created_by": 5, 
            "deleted_by": null, 
            "created_on": "2012-03-21 00:48:36", 
            "cc_version": 0, 
            "modified_on": "2012-03-21 00:48:36", 
            "deleted_on": null
        }
    }, 
    {
        "pk": 44, 
        "model": "environments.environment", 
        "fields": {
            "profile": 1, 
            "elements": [
                5, 
                2, 
                10
            ], 
            "modified_by": 5, 
            "created_by": 5, 
            "deleted_by": null, 
            "created_on": "2012-03-21 00:48:36", 
            "cc_version": 0, 
            "modified_on": "2012-03-21 00:48:36", 
            "deleted_on": null
        }
    }, 
    {
        "pk": 45, 
        "model": "environments.environment", 
        "fields": {
            "profile": 1, 
            "elements": [
                5, 
                12, 
                2
            ], 
            "modified_by": 5, 
            "created_by": 5, 
            "deleted_by": null, 
            "created_on": "2012-03-21 00:48:36", 
            "cc_version": 0, 
            "modified_on": "2012-03-21 00:48:36", 
            "deleted_on": null
        }
    }, 
    {
        "pk": 46, 
        "model": "environments.environment", 
        "fields": {
            "profile": 2, 
            "elements": [
                7, 
                10
            ], 
            "modified_by": 5, 
            "created_by": 5, 
            "deleted_by": null, 
            "created_on": "2012-03-21 00:48:36", 
            "cc_version": 0, 
            "modified_on": "2012-03-21 00:48:36", 
            "deleted_on": null
        }
    }, 
    {
        "pk": 47, 
        "model": "environments.environment", 
        "fields": {
            "profile": 2, 
            "elements": [
                7, 
                12
            ], 
            "modified_by": 5, 
            "created_by": 5, 
            "deleted_by": null, 
            "created_on": "2012-03-21 00:48:36", 
            "cc_version": 0, 
            "modified_on": "2012-03-21 00:48:36", 
            "deleted_on": null
        }
    }, 
    {
        "pk": 48, 
        "model": "environments.environment", 
        "fields": {
            "profile": 2, 
            "elements": [
                11, 
                7
            ], 
            "modified_by": 5, 
            "created_by": 5, 
            "deleted_by": null, 
            "created_on": "2012-03-21 00:48:36", 
            "cc_version": 0, 
            "modified_on": "2012-03-21 00:48:36", 
            "deleted_on": null
        }
    }, 
    {
        "pk": 49, 
        "model": "environments.environment", 
        "fields": {
            "profile": 2, 
            "elements": [
                9, 
                10
            ], 
            "modified_by": 5, 
            "created_by": 5, 
            "deleted_by": null, 
            "created_on": "2012-03-21 00:48:36", 
            "cc_version": 0, 
            "modified_on": "2012-03-21 00:48:36", 
            "deleted_on": null
        }
    }, 
    {
        "pk": 50, 
        "model": "environments.environment", 
        "fields": {
            "profile": 2, 
            "elements": [
                9, 
                12
            ], 
            "modified_by": 5, 
            "created_by": 5, 
            "deleted_by": null, 
            "created_on": "2012-03-21 00:48:36", 
            "cc_version": 0, 
            "modified_on": "2012-03-21 00:48:36", 
            "deleted_on": null
        }
    }, 
    {
        "pk": 51, 
        "model": "environments.environment", 
        "fields": {
            "profile": 2, 
            "elements": [
                9, 
                11
            ], 
            "modified_by": 5, 
            "created_by": 5, 
            "deleted_by": null, 
            "created_on": "2012-03-21 00:48:36", 
            "cc_version": 0, 
            "modified_on": "2012-03-21 00:48:36", 
            "deleted_on": null
        }
    }, 
    {
        "pk": 52, 
        "model": "environments.environment", 
        "fields": {
            "profile": 2, 
            "elements": [
                6, 
                10
            ], 
            "modified_by": 5, 
            "created_by": 5, 
            "deleted_by": null, 
            "created_on": "2012-03-21 00:48:36", 
            "cc_version": 0, 
            "modified_on": "2012-03-21 00:48:36", 
            "deleted_on": null
        }
    }, 
    {
        "pk": 53, 
        "model": "environments.environment", 
        "fields": {
            "profile": 2, 
            "elements": [
                12, 
                6
            ], 
            "modified_by": 5, 
            "created_by": 5, 
            "deleted_by": null, 
            "created_on": "2012-03-21 00:48:36", 
            "cc_version": 0, 
            "modified_on": "2012-03-21 00:48:36", 
            "deleted_on": null
        }
    }, 
    {
        "pk": 54, 
        "model": "environments.environment", 
        "fields": {
            "profile": 2, 
            "elements": [
                11, 
                6
            ], 
            "modified_by": 5, 
            "created_by": 5, 
            "deleted_by": null, 
            "created_on": "2012-03-21 00:48:36", 
            "cc_version": 0, 
            "modified_on": "2012-03-21 00:48:36", 
            "deleted_on": null
        }
    }, 
    {
        "pk": 55, 
        "model": "environments.environment", 
        "fields": {
            "profile": 2, 
            "elements": [
                8, 
                10
            ], 
            "modified_by": 5, 
            "created_by": 5, 
            "deleted_by": null, 
            "created_on": "2012-03-21 00:48:36", 
            "cc_version": 0, 
            "modified_on": "2012-03-21 00:48:36", 
            "deleted_on": null
        }
    }, 
    {
        "pk": 56, 
        "model": "environments.environment", 
        "fields": {
            "profile": 2, 
            "elements": [
                8, 
                12
            ], 
            "modified_by": 5, 
            "created_by": 5, 
            "deleted_by": null, 
            "created_on": "2012-03-21 00:48:36", 
            "cc_version": 0, 
            "modified_on": "2012-03-21 00:48:36", 
            "deleted_on": null
        }
    }, 
    {
        "pk": 57, 
        "model": "environments.environment", 
        "fields": {
            "profile": 2, 
            "elements": [
                8, 
                11
            ], 
            "modified_by": 5, 
            "created_by": 5, 
            "deleted_by": null, 
            "created_on": "2012-03-21 00:48:36", 
            "cc_version": 0, 
            "modified_on": "2012-03-21 00:48:36", 
            "deleted_on": null
        }
    }, 
    {
        "pk": 58, 
        "model": "environments.environment", 
        "fields": {
            "profile": 2, 
            "elements": [
                5, 
                10
            ], 
            "modified_by": 5, 
            "created_by": 5, 
            "deleted_by": null, 
            "created_on": "2012-03-21 00:48:36", 
            "cc_version": 0, 
            "modified_on": "2012-03-21 00:48:36", 
            "deleted_on": null
        }
    }, 
    {
        "pk": 59, 
        "model": "environments.environment", 
        "fields": {
            "profile": 2, 
            "elements": [
                5, 
                12
            ], 
            "modified_by": 5, 
            "created_by": 5, 
            "deleted_by": null, 
            "created_on": "2012-03-21 00:48:36", 
            "cc_version": 0, 
            "modified_on": "2012-03-21 00:48:36", 
            "deleted_on": null
        }
    }, 
    {
        "pk": 60, 
        "model": "environments.environment", 
        "fields": {
            "profile": 2, 
            "elements": [
                5, 
                11
            ], 
            "modified_by": 5, 
            "created_by": 5, 
            "deleted_by": null, 
            "created_on": "2012-03-21 00:48:36", 
            "cc_version": 0, 
            "modified_on": "2012-03-21 00:48:36", 
            "deleted_on": null
        }
    }, 
    {
        "pk": 2, 
        "model": "core.product", 
        "fields": {
            "modified_by": 5, 
            "name": "Case Conductor", 
            "has_team": false, 
            "created_by": 5, 
            "deleted_by": null, 
            "created_on": "2012-03-21 00:48:36", 
            "own_team": [], 
            "cc_version": 0, 
            "modified_on": "2012-03-21 00:48:36", 
            "deleted_on": null, 
            "description": ""
        }
    }, 
    {
        "pk": 1, 
        "model": "core.product", 
        "fields": {
            "modified_by": 5, 
            "name": "Firefox", 
            "has_team": false, 
            "created_by": 5, 
            "deleted_by": null, 
            "created_on": "2012-03-21 00:48:36", 
            "own_team": [], 
            "cc_version": 0, 
            "modified_on": "2012-03-21 00:48:36", 
            "deleted_on": null, 
            "description": ""
        }
    }, 
    {
        "pk": 3, 
        "model": "core.productversion", 
        "fields": {
            "product": 2, 
            "modified_by": 5, 
            "environments": [
                1, 
                2, 
                3, 
                4, 
                5, 
                6, 
                7, 
                8, 
                9, 
                10, 
                11, 
                12, 
                13, 
                14, 
                15, 
                16, 
                17, 
                18, 
                19, 
                20, 
                21, 
                22, 
                23, 
                24, 
                25, 
                26, 
                27, 
                28, 
                29, 
                30, 
                31, 
                32, 
                33, 
                34, 
                35, 
                36, 
                37, 
                38, 
                39, 
                40, 
                41, 
                42, 
                43, 
                44, 
                45
            ], 
            "has_team": false, 
            "created_by": 5, 
            "deleted_by": null, 
            "created_on": "2012-03-21 00:48:36", 
            "version": "0.6", 
            "own_team": [], 
            "cc_version": 3, 
            "modified_on": "2012-03-21 00:48:36", 
            "codename": "", 
            "deleted_on": null, 
            "order": 1, 
            "latest": false
        }
    }, 
    {
        "pk": 4, 
        "model": "core.productversion", 
        "fields": {
            "product": 2, 
            "modified_by": 5, 
            "environments": [
                1, 
                2, 
                3, 
                4, 
                5, 
                6, 
                7, 
                8, 
                9, 
                10, 
                11, 
                12, 
                13, 
                14, 
                15, 
                16, 
                17, 
                18, 
                19, 
                20, 
                21, 
                22, 
                23, 
                24, 
                25, 
                26, 
                27, 
                28, 
                29, 
                30, 
                31, 
                32, 
                33, 
                34, 
                35, 
                36, 
                37, 
                38, 
                39, 
                40, 
                41, 
                42, 
                43, 
                44, 
                45
            ], 
            "has_team": false, 
            "created_by": 5, 
            "deleted_by": null, 
            "created_on": "2012-03-21 00:48:36", 
            "version": "0.7", 
            "own_team": [], 
            "cc_version": 2, 
            "modified_on": "2012-03-21 00:48:36", 
            "codename": "", 
            "deleted_on": null, 
            "order": 2, 
            "latest": false
        }
    }, 
    {
        "pk": 5, 
        "model": "core.productversion", 
        "fields": {
            "product": 2, 
            "modified_by": 5, 
            "environments": [
                1, 
                2, 
                3, 
                4, 
                5, 
                6, 
                7, 
                8, 
                9, 
                10, 
                11, 
                12, 
                13, 
                14, 
                15, 
                16, 
                17, 
                18, 
                19, 
                20, 
                21, 
                22, 
                23, 
                24, 
                25, 
                26, 
                27, 
                28, 
                29, 
                30, 
                31, 
                32, 
                33, 
                34, 
                35, 
                36, 
                37, 
                38, 
                39, 
                40, 
                41, 
                42, 
                43, 
                44, 
                45
            ], 
            "has_team": false, 
            "created_by": 5, 
            "deleted_by": null, 
            "created_on": "2012-03-21 00:48:36", 
            "version": "0.8", 
            "own_team": [], 
            "cc_version": 1, 
            "modified_on": "2012-03-21 00:48:36", 
            "codename": "Django DB", 
            "deleted_on": null, 
            "order": 3, 
            "latest": true
        }
    }, 
    {
        "pk": 1, 
        "model": "core.productversion", 
        "fields": {
            "product": 1, 
            "modified_by": 5, 
            "environments": [
                46, 
                47, 
                48, 
                49, 
                50, 
                51, 
                52, 
                53, 
                54, 
                55, 
                56, 
                57, 
                58, 
                59, 
                60
            ], 
            "has_team": false, 
            "created_by": 5, 
            "deleted_by": null, 
            "created_on": "2012-03-21 00:48:36", 
            "version": "9", 
            "own_team": [], 
            "cc_version": 2, 
            "modified_on": "2012-03-21 00:48:36", 
            "codename": "", 
            "deleted_on": null, 
            "order": 1, 
            "latest": false
        }
    }, 
    {
        "pk": 2, 
        "model": "core.productversion", 
        "fields": {
            "product": 1, 
            "modified_by": 5, 
            "environments": [
                46, 
                47, 
                48, 
                49, 
                50, 
                51, 
                52, 
                53, 
                54, 
                55, 
                56, 
                57, 
                58, 
                59, 
                60
            ], 
            "has_team": false, 
            "created_by": 5, 
            "deleted_by": null, 
            "created_on": "2012-03-21 00:48:36", 
            "version": "10", 
            "own_team": [], 
            "cc_version": 1, 
            "modified_on": "2012-03-21 00:48:36", 
            "codename": "", 
            "deleted_on": null, 
            "order": 2, 
            "latest": true
        }
    }, 
    {
        "pk": 1, 
        "model": "tags.tag", 
        "fields": {
            "product": 2, 
            "modified_by": 4, 
            "name": "registration", 
            "created_by": 4, 
            "deleted_by": null, 
            "created_on": "2012-03-21 00:48:37", 
            "cc_version": 0, 
            "modified_on": "2012-03-21 00:48:37", 
            "deleted_on": null
        }
    }, 
    {
        "pk": 2, 
        "model": "tags.tag", 
        "fields": {
            "product": null, 
            "modified_by": 5, 
            "name": "key", 
            "created_by": 5, 
            "deleted_by": null, 
            "created_on": "2012-03-21 00:48:37", 
            "cc_version": 0, 
            "modified_on": "2012-03-21 00:48:37", 
            "deleted_on": null
        }
    }, 
    {
        "pk": 1, 
        "model": "library.case", 
        "fields": {
            "product": 2, 
            "modified_by": 4, 
            "created_by": 4, 
            "deleted_by": null, 
            "created_on": "2012-03-21 00:48:37", 
            "cc_version": 0, 
            "modified_on": "2012-03-21 00:48:37", 
            "deleted_on": null
        }
    }, 
    {
        "pk": 2, 
        "model": "library.case", 
        "fields": {
            "product": 2, 
            "modified_by": 3, 
            "created_by": 3, 
            "deleted_by": null, 
            "created_on": "2012-03-21 00:48:37", 
            "cc_version": 0, 
            "modified_on": "2012-03-21 00:48:37", 
            "deleted_on": null
        }
    }, 
    {
        "pk": 3, 
        "model": "library.case", 
        "fields": {
            "product": 1, 
            "modified_by": 3, 
            "created_by": 3, 
            "deleted_by": null, 
            "created_on": "2012-03-21 00:48:38", 
            "cc_version": 0, 
            "modified_on": "2012-03-21 00:48:38", 
            "deleted_on": null
        }
    }, 
    {
        "pk": 1, 
        "model": "library.caseversion", 
        "fields": {
            "status": "active", 
            "case": 1, 
            "modified_by": 4, 
            "name": "Can log in.", 
            "tags": [], 
            "envs_narrowed": false, 
            "description": "A user can log in to the app.", 
            "created_by": 4, 
            "deleted_by": null, 
            "created_on": "2012-03-21 00:48:37", 
            "cc_version": 3, 
            "latest": false, 
            "modified_on": "2012-03-21 00:48:37", 
            "environments": [
                1, 
                2, 
                3, 
                4, 
                5, 
                6, 
                7, 
                8, 
                9, 
                10, 
                11, 
                12, 
                13, 
                14, 
                15, 
                16, 
                17, 
                18, 
                19, 
                20, 
                21, 
                22, 
                23, 
                24, 
                25, 
                26, 
                27, 
                28, 
                29, 
                30, 
                31, 
                32, 
                33, 
                34, 
                35, 
                36, 
                37, 
                38, 
                39, 
                40, 
                41, 
                42, 
                43, 
                44, 
                45
            ], 
            "deleted_on": null, 
            "productversion": 3
        }
    }, 
    {
        "pk": 2, 
        "model": "library.caseversion", 
        "fields": {
            "status": "active", 
            "case": 1, 
            "modified_by": 4, 
            "name": "Can log in.", 
            "tags": [], 
            "envs_narrowed": false, 
            "description": "A user can log in to the app.", 
            "created_by": 4, 
            "deleted_by": null, 
            "created_on": "2012-03-21 00:48:37", 
            "cc_version": 2, 
            "latest": false, 
            "modified_on": "2012-03-21 00:48:37", 
            "environments": [
                1, 
                2, 
                3, 
                4, 
                5, 
                6, 
                7, 
                8, 
                9, 
                10, 
                11, 
                12, 
                13, 
                14, 
                15, 
                16, 
                17, 
                18, 
                19, 
                20, 
                21, 
                22, 
                23, 
                24, 
                25, 
                26, 
                27, 
                28, 
                29, 
                30, 
                31, 
                32, 
                33, 
                34, 
                35, 
                36, 
                37, 
                38, 
                39, 
                40, 
                41, 
                42, 
                43, 
                44, 
                45
            ], 
            "deleted_on": null, 
            "productversion": 4
        }
    }, 
    {
        "pk": 3, 
        "model": "library.caseversion", 
        "fields": {
            "status": "active", 
            "case": 1, 
            "modified_by": 4, 
            "name": "Can log in.", 
            "tags": [], 
            "envs_narrowed": false, 
            "description": "A user can log in to the app.", 
            "created_by": 4, 
            "deleted_by": null, 
            "created_on": "2012-03-21 00:48:37", 
            "cc_version": 1, 
            "latest": true, 
            "modified_on": "2012-03-21 00:48:37", 
            "environments": [
                1, 
                2, 
                3, 
                4, 
                5, 
                6, 
                7, 
                8, 
                9, 
                10, 
                11, 
                12, 
                13, 
                14, 
                15, 
                16, 
                17, 
                18, 
                19, 
                20, 
                21, 
                22, 
                23, 
                24, 
                25, 
                26, 
                27, 
                28, 
                29, 
                30, 
                31, 
                32, 
                33, 
                34, 
                35, 
                36, 
                37, 
                38, 
                39, 
                40, 
                41, 
                42, 
                43, 
                44, 
                45
            ], 
            "deleted_on": null, 
            "productversion": 5
        }
    }, 
    {
        "pk": 4, 
        "model": "library.caseversion", 
        "fields": {
            "status": "active", 
            "case": 2, 
            "modified_by": 3, 
            "name": "Can register.", 
            "tags": [], 
            "envs_narrowed": false, 
            "description": "A new user can register for the app.", 
            "created_by": 3, 
            "deleted_by": null, 
            "created_on": "2012-03-21 00:48:37", 
            "cc_version": 2, 
            "latest": false, 
            "modified_on": "2012-03-21 00:48:37", 
            "environments": [
                4, 
                5, 
                6, 
                7, 
                8, 
                9, 
                10, 
                11, 
                12, 
                13, 
                14, 
                15, 
                17, 
                18, 
                19, 
                20, 
                24, 
                25, 
                26, 
                27, 
                28, 
                29, 
                30, 
                31, 
                32, 
                33, 
                34, 
                35, 
                38, 
                39, 
                40, 
                41, 
                42, 
                43, 
                44, 
                45
            ], 
            "deleted_on": null, 
            "productversion": 4
        }
    }, 
    {
        "pk": 5, 
        "model": "library.caseversion", 
        "fields": {
            "status": "active", 
            "case": 2, 
            "modified_by": 3, 
            "name": "Can register.", 
            "tags": [
                1
            ], 
            "envs_narrowed": false, 
            "description": "A new user can register for the app.", 
            "created_by": 3, 
            "deleted_by": null, 
            "created_on": "2012-03-21 00:48:37", 
            "cc_version": 1, 
            "latest": true, 
            "modified_on": "2012-03-21 00:48:37", 
            "environments": [
                4, 
                5, 
                6, 
                7, 
                8, 
                9, 
                10, 
                11, 
                12, 
                13, 
                14, 
                15, 
                17, 
                18, 
                19, 
                20, 
                24, 
                25, 
                26, 
                27, 
                28, 
                29, 
                30, 
                31, 
                32, 
                33, 
                34, 
                35, 
                38, 
                39, 
                40, 
                41, 
                42, 
                43, 
                44, 
                45
            ], 
            "deleted_on": null, 
            "productversion": 5
        }
    }, 
    {
        "pk": 6, 
        "model": "library.caseversion", 
        "fields": {
            "status": "draft", 
            "case": 3, 
            "modified_by": 3, 
            "name": "It is fast.", 
            "tags": [
                2
            ], 
            "envs_narrowed": false, 
            "description": "It's a fast browser.", 
            "created_by": 3, 
            "deleted_by": null, 
            "created_on": "2012-03-21 00:48:38", 
            "cc_version": 2, 
            "latest": false, 
            "modified_on": "2012-03-21 00:48:38", 
            "environments": [
                46, 
                47, 
                48, 
                49, 
                50, 
                51, 
                52, 
                53, 
                54, 
                55, 
                56, 
                57, 
                58, 
                59, 
                60
            ], 
            "deleted_on": null, 
            "productversion": 1
        }
    }, 
    {
        "pk": 7, 
        "model": "library.caseversion", 
        "fields": {
            "status": "draft", 
            "case": 3, 
            "modified_by": 3, 
            "name": "It is fast.", 
            "tags": [
                2
            ], 
            "envs_narrowed": false, 
            "description": "It's a fast browser.", 
            "created_by": 3, 
            "deleted_by": null, 
            "created_on": "2012-03-21 00:48:38", 
            "cc_version": 1, 
            "latest": true, 
            "modified_on": "2012-03-21 00:48:38", 
            "environments": [
                46, 
                47, 
                48, 
                49, 
                50, 
                51, 
                52, 
                53, 
                54, 
                55, 
                56, 
                57, 
                58, 
                59, 
                60
            ], 
            "deleted_on": null, 
            "productversion": 2
        }
    }, 
    {
        "pk": 1, 
        "model": "library.casestep", 
        "fields": {
            "caseversion": 1, 
            "modified_by": 4, 
            "instruction": "Click the login link in the upper right.", 
            "number": 0, 
            "created_by": 4, 
            "deleted_by": null, 
            "expected": "See a form with username and password fields.", 
            "created_on": "2012-03-21 00:48:37", 
            "cc_version": 0, 
            "modified_on": "2012-03-21 00:48:37", 
            "deleted_on": null
        }
    }, 
    {
        "pk": 2, 
        "model": "library.casestep", 
        "fields": {
            "caseversion": 1, 
            "modified_by": 4, 
            "instruction": "Fill in a valid username and password, submit.", 
            "number": 1, 
            "created_by": 4, 
            "deleted_by": null, 
            "expected": "See a welcome message in the upper right.", 
            "created_on": "2012-03-21 00:48:37", 
            "cc_version": 0, 
            "modified_on": "2012-03-21 00:48:37", 
            "deleted_on": null
        }
    }, 
    {
        "pk": 3, 
        "model": "library.casestep", 
        "fields": {
            "caseversion": 2, 
            "modified_by": 4, 
            "instruction": "Click the login link in the upper right.", 
            "number": 0, 
            "created_by": 4, 
            "deleted_by": null, 
            "expected": "See a form with username and password fields.", 
            "created_on": "2012-03-21 00:48:37", 
            "cc_version": 0, 
            "modified_on": "2012-03-21 00:48:37", 
            "deleted_on": null
        }
    }, 
    {
        "pk": 4, 
        "model": "library.casestep", 
        "fields": {
            "caseversion": 2, 
            "modified_by": 4, 
            "instruction": "Fill in a valid username and password, submit.", 
            "number": 1, 
            "created_by": 4, 
            "deleted_by": null, 
            "expected": "See a welcome message in the upper right.", 
            "created_on": "2012-03-21 00:48:37", 
            "cc_version": 0, 
            "modified_on": "2012-03-21 00:48:37", 
            "deleted_on": null
        }
    }, 
    {
        "pk": 5, 
        "model": "library.casestep", 
        "fields": {
            "caseversion": 3, 
            "modified_by": 4, 
            "instruction": "Click the login link in the upper right.", 
            "number": 0, 
            "created_by": 4, 
            "deleted_by": null, 
            "expected": "See a form with username and password fields.", 
            "created_on": "2012-03-21 00:48:37", 
            "cc_version": 0, 
            "modified_on": "2012-03-21 00:48:37", 
            "deleted_on": null
        }
    }, 
    {
        "pk": 6, 
        "model": "library.casestep", 
        "fields": {
            "caseversion": 3, 
            "modified_by": 4, 
            "instruction": "Fill in a valid username and password, submit.", 
            "number": 1, 
            "created_by": 4, 
            "deleted_by": null, 
            "expected": "See a welcome message in the upper right.", 
            "created_on": "2012-03-21 00:48:37", 
            "cc_version": 0, 
            "modified_on": "2012-03-21 00:48:37", 
            "deleted_on": null
        }
    }, 
    {
        "pk": 7, 
        "model": "library.casestep", 
        "fields": {
            "caseversion": 4, 
            "modified_by": 3, 
            "instruction": "Click the register link in the upper right.", 
            "number": 1, 
            "created_by": 3, 
            "deleted_by": null, 
            "expected": "See a user registration form.", 
            "created_on": "2012-03-21 00:48:37", 
            "cc_version": 0, 
            "modified_on": "2012-03-21 00:48:37", 
            "deleted_on": null
        }
    }, 
    {
        "pk": 8, 
        "model": "library.casestep", 
        "fields": {
            "caseversion": 4, 
            "modified_by": 3, 
            "instruction": "Fill in all fields, submit.", 
            "number": 2, 
            "created_by": 3, 
            "deleted_by": null, 
            "expected": "Receive a verification email.", 
            "created_on": "2012-03-21 00:48:37", 
            "cc_version": 0, 
            "modified_on": "2012-03-21 00:48:37", 
            "deleted_on": null
        }
    }, 
    {
        "pk": 9, 
        "model": "library.casestep", 
        "fields": {
            "caseversion": 5, 
            "modified_by": 3, 
            "instruction": "Click the register link in the upper right.", 
            "number": 1, 
            "created_by": 3, 
            "deleted_by": null, 
            "expected": "See a user registration form.", 
            "created_on": "2012-03-21 00:48:37", 
            "cc_version": 0, 
            "modified_on": "2012-03-21 00:48:37", 
            "deleted_on": null
        }
    }, 
    {
        "pk": 10, 
        "model": "library.casestep", 
        "fields": {
            "caseversion": 5, 
            "modified_by": 3, 
            "instruction": "Fill in all fields, submit.", 
            "number": 2, 
            "created_by": 3, 
            "deleted_by": null, 
            "expected": "Receive a verification email.", 
            "created_on": "2012-03-21 00:48:37", 
            "cc_version": 0, 
            "modified_on": "2012-03-21 00:48:37", 
            "deleted_on": null
        }
    }, 
    {
        "pk": 1, 
        "model": "library.suite", 
        "fields": {
            "status": "active", 
            "product": 2, 
            "modified_by": 4, 
            "name": "Accounts", 
            "created_by": 4, 
            "deleted_by": null, 
            "created_on": "2012-03-21 00:48:38", 
            "cc_version": 0, 
            "modified_on": "2012-03-21 00:48:38", 
            "deleted_on": null, 
            "description": ""
        }
    }, 
    {
        "pk": 1, 
        "model": "library.suitecase", 
        "fields": {
            "case": 2, 
            "modified_by": 4, 
            "created_by": 4, 
            "deleted_by": null, 
            "created_on": "2012-03-21 00:48:38", 
            "cc_version": 0, 
            "modified_on": "2012-03-21 00:48:38", 
            "suite": 1, 
            "deleted_on": null, 
            "order": 1
        }
    }, 
    {
        "pk": 2, 
        "model": "library.suitecase", 
        "fields": {
            "case": 1, 
            "modified_by": 4, 
            "created_by": 4, 
            "deleted_by": null, 
            "created_on": "2012-03-21 00:48:38", 
            "cc_version": 0, 
            "modified_on": "2012-03-21 00:48:38", 
            "suite": 1, 
            "deleted_on": null, 
            "order": 2
        }
    }, 
    {
        "pk": 1, 
        "model": "execution.run", 
        "fields": {
            "status": "active", 
            "modified_by": 4, 
            "name": "Alpha 1", 
            "description": "", 
            "has_team": false, 
            "created_by": 4, 
            "deleted_by": null, 
            "start": "2012-03-20", 
            "created_on": "2012-03-21 00:48:38", 
            "own_team": [], 
            "cc_version": 1, 
            "modified_on": "2012-03-21 00:48:38", 
            "end": null, 
            "environments": [
                1, 
                2, 
                3, 
                4, 
                5, 
                6, 
                7, 
                8, 
                9, 
                10, 
                11, 
                12, 
                13, 
                14, 
                15, 
                16, 
                17, 
                18, 
                19, 
                20, 
                21, 
                22, 
                23, 
                24, 
                25, 
                26, 
                27, 
                28, 
                29, 
                30, 
                31, 
                32, 
                33, 
                34, 
                35, 
                36, 
                37, 
                38, 
                39, 
                40, 
                41, 
                42, 
                43, 
                44, 
                45
            ], 
            "deleted_on": null, 
            "productversion": 5
        }
    }, 
    {
        "pk": 1, 
        "model": "execution.runsuite", 
        "fields": {
            "modified_by": null, 
            "created_by": null, 
            "deleted_by": null, 
            "created_on": "2012-03-21 00:48:38", 
            "cc_version": 0, 
            "suite": 1, 
            "modified_on": "2012-03-21 00:48:38", 
            "run": 1, 
            "deleted_on": null, 
            "order": 0
        }
    }, 
    {
        "pk": 1, 
        "model": "execution.runcaseversion", 
        "fields": {
            "suites": [
                1
            ], 
            "caseversion": 5, 
            "modified_by": null, 
            "created_by": null, 
            "deleted_by": null, 
            "created_on": "2012-03-21 00:48:38", 
            "cc_version": 0, 
            "modified_on": "2012-03-21 00:48:38", 
            "run": 1, 
            "environments": [
                4, 
                5, 
                6, 
                7, 
                8, 
                9, 
                10, 
                11, 
                12, 
                13, 
                14, 
                15, 
                17, 
                18, 
                19, 
                20, 
                24, 
                25, 
                26, 
                27, 
                28, 
                29, 
                30, 
                31, 
                32, 
                33, 
                34, 
                35, 
                38, 
                39, 
                40, 
                41, 
                42, 
                43, 
                44, 
                45
            ], 
            "deleted_on": null, 
            "order": 1
        }
    }, 
    {
        "pk": 2, 
        "model": "execution.runcaseversion", 
        "fields": {
            "suites": [
                1
            ], 
            "caseversion": 3, 
            "modified_by": null, 
            "created_by": null, 
            "deleted_by": null, 
            "created_on": "2012-03-21 00:48:38", 
            "cc_version": 0, 
            "modified_on": "2012-03-21 00:48:38", 
            "run": 1, 
            "environments": [
                1, 
                2, 
                3, 
                4, 
                5, 
                6, 
                7, 
                8, 
                9, 
                10, 
                11, 
                12, 
                13, 
                14, 
                15, 
                16, 
                17, 
                18, 
                19, 
                20, 
                21, 
                22, 
                23, 
                24, 
                25, 
                26, 
                27, 
                28, 
                29, 
                30, 
                31, 
                32, 
                33, 
                34, 
                35, 
                36, 
                37, 
                38, 
                39, 
                40, 
                41, 
                42, 
                43, 
                44, 
                45
            ], 
            "deleted_on": null, 
            "order": 2
        }
    }
]