[
    {
        "pk": 19, 
        "model": "auth.permission", 
        "fields": {
            "codename": "add_logentry", 
            "name": "Can add log entry", 
            "content_type": 7
        }
    }, 
    {
        "pk": 20, 
        "model": "auth.permission", 
        "fields": {
            "codename": "change_logentry", 
            "name": "Can change log entry", 
            "content_type": 7
        }
    }, 
    {
        "pk": 21, 
        "model": "auth.permission", 
        "fields": {
            "codename": "delete_logentry", 
            "name": "Can delete log entry", 
            "content_type": 7
        }
    }, 
    {
        "pk": 10, 
        "model": "auth.permission", 
        "fields": {
            "codename": "add_group", 
            "name": "Can add group", 
            "content_type": 4
        }
    }, 
    {
        "pk": 11, 
        "model": "auth.permission", 
        "fields": {
            "codename": "change_group", 
            "name": "Can change group", 
            "content_type": 4
        }
    }, 
    {
        "pk": 12, 
        "model": "auth.permission", 
        "fields": {
            "codename": "delete_group", 
            "name": "Can delete group", 
            "content_type": 4
        }
    }, 
    {
        "pk": 16, 
        "model": "auth.permission", 
        "fields": {
            "codename": "add_message", 
            "name": "Can add message", 
            "content_type": 6
        }
    }, 
    {
        "pk": 17, 
        "model": "auth.permission", 
        "fields": {
            "codename": "change_message", 
            "name": "Can change message", 
            "content_type": 6
        }
    }, 
    {
        "pk": 18, 
        "model": "auth.permission", 
        "fields": {
            "codename": "delete_message", 
            "name": "Can delete message", 
            "content_type": 6
        }
    }, 
    {
        "pk": 7, 
        "model": "auth.permission", 
        "fields": {
            "codename": "add_permission", 
            "name": "Can add permission", 
            "content_type": 3
        }
    }, 
    {
        "pk": 8, 
        "model": "auth.permission", 
        "fields": {
            "codename": "change_permission", 
            "name": "Can change permission", 
            "content_type": 3
        }
    }, 
    {
        "pk": 9, 
        "model": "auth.permission", 
        "fields": {
            "codename": "delete_permission", 
            "name": "Can delete permission", 
            "content_type": 3
        }
    }, 
    {
        "pk": 13, 
        "model": "auth.permission", 
        "fields": {
            "codename": "add_user", 
            "name": "Can add user", 
            "content_type": 5
        }
    }, 
    {
        "pk": 14, 
        "model": "auth.permission", 
        "fields": {
            "codename": "change_user", 
            "name": "Can change user", 
            "content_type": 5
        }
    }, 
    {
        "pk": 15, 
        "model": "auth.permission", 
        "fields": {
            "codename": "delete_user", 
            "name": "Can delete user", 
            "content_type": 5
        }
    }, 
    {
        "pk": 4, 
        "model": "auth.permission", 
        "fields": {
            "codename": "add_contenttype", 
            "name": "Can add content type", 
            "content_type": 2
        }
    }, 
    {
        "pk": 5, 
        "model": "auth.permission", 
        "fields": {
            "codename": "change_contenttype", 
            "name": "Can change content type", 
            "content_type": 2
        }
    }, 
    {
        "pk": 6, 
        "model": "auth.permission", 
        "fields": {
            "codename": "delete_contenttype", 
            "name": "Can delete content type", 
            "content_type": 2
        }
    }, 
    {
        "pk": 25, 
        "model": "auth.permission", 
        "fields": {
            "codename": "add_product", 
            "name": "Can add product", 
            "content_type": 9
        }
    }, 
    {
        "pk": 26, 
        "model": "auth.permission", 
        "fields": {
            "codename": "change_product", 
            "name": "Can change product", 
            "content_type": 9
        }
    }, 
    {
        "pk": 27, 
        "model": "auth.permission", 
        "fields": {
            "codename": "delete_product", 
            "name": "Can delete product", 
            "content_type": 9
        }
    }, 
    {
        "pk": 28, 
        "model": "auth.permission", 
        "fields": {
            "codename": "manage_products", 
            "name": "Can add/edit/delete products.", 
            "content_type": 9
        }
    }, 
    {
        "pk": 29, 
        "model": "auth.permission", 
        "fields": {
            "codename": "manage_users", 
            "name": "Can add/edit/delete user accounts.", 
            "content_type": 9
        }
    }, 
    {
        "pk": 30, 
        "model": "auth.permission", 
        "fields": {
            "codename": "add_productversion", 
            "name": "Can add product version", 
            "content_type": 10
        }
    }, 
    {
        "pk": 31, 
        "model": "auth.permission", 
        "fields": {
            "codename": "change_productversion", 
            "name": "Can change product version", 
            "content_type": 10
        }
    }, 
    {
        "pk": 32, 
        "model": "auth.permission", 
        "fields": {
            "codename": "delete_productversion", 
            "name": "Can delete product version", 
            "content_type": 10
        }
    }, 
    {
        "pk": 58, 
        "model": "auth.permission", 
        "fields": {
            "codename": "add_category", 
            "name": "Can add category", 
            "content_type": 18
        }
    }, 
    {
        "pk": 59, 
        "model": "auth.permission", 
        "fields": {
            "codename": "change_category", 
            "name": "Can change category", 
            "content_type": 18
        }
    }, 
    {
        "pk": 60, 
        "model": "auth.permission", 
        "fields": {
            "codename": "delete_category", 
            "name": "Can delete category", 
            "content_type": 18
        }
    }, 
    {
        "pk": 61, 
        "model": "auth.permission", 
        "fields": {
            "codename": "add_element", 
            "name": "Can add element", 
            "content_type": 19
        }
    }, 
    {
        "pk": 62, 
        "model": "auth.permission", 
        "fields": {
            "codename": "change_element", 
            "name": "Can change element", 
            "content_type": 19
        }
    }, 
    {
        "pk": 63, 
        "model": "auth.permission", 
        "fields": {
            "codename": "delete_element", 
            "name": "Can delete element", 
            "content_type": 19
        }
    }, 
    {
        "pk": 64, 
        "model": "auth.permission", 
        "fields": {
            "codename": "add_environment", 
            "name": "Can add environment", 
            "content_type": 20
        }
    }, 
    {
        "pk": 65, 
        "model": "auth.permission", 
        "fields": {
            "codename": "change_environment", 
            "name": "Can change environment", 
            "content_type": 20
        }
    }, 
    {
        "pk": 66, 
        "model": "auth.permission", 
        "fields": {
            "codename": "delete_environment", 
            "name": "Can delete environment", 
            "content_type": 20
        }
    }, 
    {
        "pk": 67, 
        "model": "auth.permission", 
        "fields": {
            "codename": "manage_environments", 
            "name": "Can add/edit/delete environments, profiles, etc.", 
            "content_type": 20
        }
    }, 
    {
        "pk": 55, 
        "model": "auth.permission", 
        "fields": {
            "codename": "add_profile", 
            "name": "Can add profile", 
            "content_type": 17
        }
    }, 
    {
        "pk": 56, 
        "model": "auth.permission", 
        "fields": {
            "codename": "change_profile", 
            "name": "Can change profile", 
            "content_type": 17
        }
    }, 
    {
        "pk": 57, 
        "model": "auth.permission", 
        "fields": {
            "codename": "delete_profile", 
            "name": "Can delete profile", 
            "content_type": 17
        }
    }, 
    {
        "pk": 79, 
        "model": "auth.permission", 
        "fields": {
            "codename": "add_result", 
            "name": "Can add result", 
            "content_type": 24
        }
    }, 
    {
        "pk": 80, 
        "model": "auth.permission", 
        "fields": {
            "codename": "change_result", 
            "name": "Can change result", 
            "content_type": 24
        }
    }, 
    {
        "pk": 81, 
        "model": "auth.permission", 
        "fields": {
            "codename": "delete_result", 
            "name": "Can delete result", 
            "content_type": 24
        }
    }, 
    {
        "pk": 82, 
        "model": "auth.permission", 
        "fields": {
            "codename": "review_results", 
            "name": "Can review/edit test results.", 
            "content_type": 24
        }
    }, 
    {
        "pk": 68, 
        "model": "auth.permission", 
        "fields": {
            "codename": "add_run", 
            "name": "Can add run", 
            "content_type": 21
        }
    }, 
    {
        "pk": 69, 
        "model": "auth.permission", 
        "fields": {
            "codename": "change_run", 
            "name": "Can change run", 
            "content_type": 21
        }
    }, 
    {
        "pk": 70, 
        "model": "auth.permission", 
        "fields": {
            "codename": "delete_run", 
            "name": "Can delete run", 
            "content_type": 21
        }
    }, 
    {
        "pk": 71, 
        "model": "auth.permission", 
        "fields": {
            "codename": "manage_runs", 
            "name": "Can add/edit/delete test runs.", 
            "content_type": 21
        }
    }, 
    {
        "pk": 72, 
        "model": "auth.permission", 
        "fields": {
            "codename": "add_runcaseversion", 
            "name": "Can add run case version", 
            "content_type": 22
        }
    }, 
    {
        "pk": 73, 
        "model": "auth.permission", 
        "fields": {
            "codename": "change_runcaseversion", 
            "name": "Can change run case version", 
            "content_type": 22
        }
    }, 
    {
        "pk": 74, 
        "model": "auth.permission", 
        "fields": {
            "codename": "delete_runcaseversion", 
            "name": "Can delete run case version", 
            "content_type": 22
        }
    }, 
    {
        "pk": 75, 
        "model": "auth.permission", 
        "fields": {
            "codename": "execute", 
            "name": "Can run tests and report results.", 
            "content_type": 22
        }
    }, 
    {
        "pk": 76, 
        "model": "auth.permission", 
        "fields": {
            "codename": "add_runsuite", 
            "name": "Can add run suite", 
            "content_type": 23
        }
    }, 
    {
        "pk": 77, 
        "model": "auth.permission", 
        "fields": {
            "codename": "change_runsuite", 
            "name": "Can change run suite", 
            "content_type": 23
        }
    }, 
    {
        "pk": 78, 
        "model": "auth.permission", 
        "fields": {
            "codename": "delete_runsuite", 
            "name": "Can delete run suite", 
            "content_type": 23
        }
    }, 
    {
        "pk": 83, 
        "model": "auth.permission", 
        "fields": {
            "codename": "add_stepresult", 
            "name": "Can add step result", 
            "content_type": 25
        }
    }, 
    {
        "pk": 84, 
        "model": "auth.permission", 
        "fields": {
            "codename": "change_stepresult", 
            "name": "Can change step result", 
            "content_type": 25
        }
    }, 
    {
        "pk": 85, 
        "model": "auth.permission", 
        "fields": {
            "codename": "delete_stepresult", 
            "name": "Can delete step result", 
            "content_type": 25
        }
    }, 
    {
        "pk": 33, 
        "model": "auth.permission", 
        "fields": {
            "codename": "add_case", 
            "name": "Can add case", 
            "content_type": 11
        }
    }, 
    {
        "pk": 34, 
        "model": "auth.permission", 
        "fields": {
            "codename": "change_case", 
            "name": "Can change case", 
            "content_type": 11
        }
    }, 
    {
        "pk": 36, 
        "model": "auth.permission", 
        "fields": {
            "codename": "create_cases", 
            "name": "Can create new test cases.", 
            "content_type": 11
        }
    }, 
    {
        "pk": 35, 
        "model": "auth.permission", 
        "fields": {
            "codename": "delete_case", 
            "name": "Can delete case", 
            "content_type": 11
        }
    }, 
    {
        "pk": 37, 
        "model": "auth.permission", 
        "fields": {
            "codename": "manage_cases", 
            "name": "Can add/edit/delete test cases.", 
            "content_type": 11
        }
    }, 
    {
        "pk": 41, 
        "model": "auth.permission", 
        "fields": {
            "codename": "add_caseattachment", 
            "name": "Can add case attachment", 
            "content_type": 13
        }
    }, 
    {
        "pk": 42, 
        "model": "auth.permission", 
        "fields": {
            "codename": "change_caseattachment", 
            "name": "Can change case attachment", 
            "content_type": 13
        }
    }, 
    {
        "pk": 43, 
        "model": "auth.permission", 
        "fields": {
            "codename": "delete_caseattachment", 
            "name": "Can delete case attachment", 
            "content_type": 13
        }
    }, 
    {
        "pk": 44, 
        "model": "auth.permission", 
        "fields": {
            "codename": "add_casestep", 
            "name": "Can add case step", 
            "content_type": 14
        }
    }, 
    {
        "pk": 45, 
        "model": "auth.permission", 
        "fields": {
            "codename": "change_casestep", 
            "name": "Can change case step", 
            "content_type": 14
        }
    }, 
    {
        "pk": 46, 
        "model": "auth.permission", 
        "fields": {
            "codename": "delete_casestep", 
            "name": "Can delete case step", 
            "content_type": 14
        }
    }, 
    {
        "pk": 38, 
        "model": "auth.permission", 
        "fields": {
            "codename": "add_caseversion", 
            "name": "Can add case version", 
            "content_type": 12
        }
    }, 
    {
        "pk": 39, 
        "model": "auth.permission", 
        "fields": {
            "codename": "change_caseversion", 
            "name": "Can change case version", 
            "content_type": 12
        }
    }, 
    {
        "pk": 40, 
        "model": "auth.permission", 
        "fields": {
            "codename": "delete_caseversion", 
            "name": "Can delete case version", 
            "content_type": 12
        }
    }, 
    {
        "pk": 47, 
        "model": "auth.permission", 
        "fields": {
            "codename": "add_suite", 
            "name": "Can add suite", 
            "content_type": 15
        }
    }, 
    {
        "pk": 48, 
        "model": "auth.permission", 
        "fields": {
            "codename": "change_suite", 
            "name": "Can change suite", 
            "content_type": 15
        }
    }, 
    {
        "pk": 49, 
        "model": "auth.permission", 
        "fields": {
            "codename": "delete_suite", 
            "name": "Can delete suite", 
            "content_type": 15
        }
    }, 
    {
        "pk": 50, 
        "model": "auth.permission", 
        "fields": {
            "codename": "manage_suites", 
            "name": "Can add/edit/delete test suites.", 
            "content_type": 15
        }
    }, 
    {
        "pk": 51, 
        "model": "auth.permission", 
        "fields": {
            "codename": "add_suitecase", 
            "name": "Can add suite case", 
            "content_type": 16
        }
    }, 
    {
        "pk": 52, 
        "model": "auth.permission", 
        "fields": {
            "codename": "change_suitecase", 
            "name": "Can change suite case", 
            "content_type": 16
        }
    }, 
    {
        "pk": 53, 
        "model": "auth.permission", 
        "fields": {
            "codename": "delete_suitecase", 
            "name": "Can delete suite case", 
            "content_type": 16
        }
    }, 
    {
        "pk": 54, 
        "model": "auth.permission", 
        "fields": {
            "codename": "manage_suite_cases", 
            "name": "Can add/remove cases from suites.", 
            "content_type": 16
        }
    }, 
    {
        "pk": 1, 
        "model": "auth.permission", 
        "fields": {
            "codename": "add_session", 
            "name": "Can add session", 
            "content_type": 1
        }
    }, 
    {
        "pk": 2, 
        "model": "auth.permission", 
        "fields": {
            "codename": "change_session", 
            "name": "Can change session", 
            "content_type": 1
        }
    }, 
    {
        "pk": 3, 
        "model": "auth.permission", 
        "fields": {
            "codename": "delete_session", 
            "name": "Can delete session", 
            "content_type": 1
        }
    }, 
    {
        "pk": 22, 
        "model": "auth.permission", 
        "fields": {
            "codename": "add_migrationhistory", 
            "name": "Can add migration history", 
            "content_type": 8
        }
    }, 
    {
        "pk": 23, 
        "model": "auth.permission", 
        "fields": {
            "codename": "change_migrationhistory", 
            "name": "Can change migration history", 
            "content_type": 8
        }
    }, 
    {
        "pk": 24, 
        "model": "auth.permission", 
        "fields": {
            "codename": "delete_migrationhistory", 
            "name": "Can delete migration history", 
            "content_type": 8
        }
    }, 
    {
        "pk": 86, 
        "model": "auth.permission", 
        "fields": {
            "codename": "add_tag", 
            "name": "Can add tag", 
            "content_type": 26
        }
    }, 
    {
        "pk": 87, 
        "model": "auth.permission", 
        "fields": {
            "codename": "change_tag", 
            "name": "Can change tag", 
            "content_type": 26
        }
    }, 
    {
        "pk": 88, 
        "model": "auth.permission", 
        "fields": {
            "codename": "delete_tag", 
            "name": "Can delete tag", 
            "content_type": 26
        }
    }, 
    {
        "pk": 89, 
        "model": "auth.permission", 
        "fields": {
            "codename": "manage_tags", 
            "name": "Can add/edit/delete tags.", 
            "content_type": 26
        }
    }, 
    {
        "pk": 2, 
        "model": "auth.group", 
        "fields": {
            "name": "Admin", 
            "permissions": [
                28, 
                29, 
                67, 
                82, 
                71, 
                75, 
                36, 
                37, 
                50, 
                54, 
                89
            ]
        }
    }, 
    {
        "pk": 1, 
        "model": "auth.group", 
        "fields": {
            "name": "Test Creator", 
            "permissions": [
                75, 
                36, 
                54
            ]
        }
    }, 
    {
        "pk": 3, 
        "model": "auth.group", 
        "fields": {
            "name": "Test Manager", 
            "permissions": [
                67, 
                82, 
                71, 
                75, 
                36, 
                37, 
                50, 
                54, 
                89
            ]
        }
    }, 
    {
        "pk": 4, 
        "model": "auth.group", 
        "fields": {
            "name": "Tester", 
            "permissions": [
                75
            ]
        }
    }, 
    {
        "pk": 2, 
        "model": "auth.user", 
        "fields": {
            "username": "tester", 
            "first_name": "", 
            "last_name": "", 
            "is_active": true, 
            "is_superuser": false, 
            "is_staff": false, 
            "last_login": "2012-02-03 16:46:07", 
            "groups": [
                4
            ], 
            "user_permissions": [], 
            "password": "bcrypt$2a$12$0aR0clHLoTiCv9u8hwvLJO3OPMirllYJ9ALTarn0HfKY1I1bnFQIS$default", 
            "email": "tester@example.com", 
            "date_joined": "2012-02-03 16:46:07"
        }
    }, 
    {
        "pk": 3, 
        "model": "auth.user", 
        "fields": {
            "username": "creator", 
            "first_name": "", 
            "last_name": "", 
            "is_active": true, 
            "is_superuser": false, 
            "is_staff": false, 
            "last_login": "2012-02-03 16:46:07", 
            "groups": [
                1
            ], 
            "user_permissions": [], 
            "password": "bcrypt$2a$12$fxWcmgi5g1WkuqWvWOPYluvy80FTo0c4P11El9tGJYizctKB0YeNu$default", 
            "email": "creator@example.com", 
            "date_joined": "2012-02-03 16:46:07"
        }
    }, 
    {
        "pk": 4, 
        "model": "auth.user", 
        "fields": {
            "username": "manager", 
            "first_name": "", 
            "last_name": "", 
            "is_active": true, 
            "is_superuser": false, 
            "is_staff": false, 
            "last_login": "2012-02-03 16:46:07", 
            "groups": [
                3
            ], 
            "user_permissions": [], 
            "password": "bcrypt$2a$12$jwA2n.UPVu59fjsicUj5meGToLM5o2q92F9WlKNcsn6pozTQbe1oK$default", 
            "email": "manager@example.com", 
            "date_joined": "2012-02-03 16:46:07"
        }
    }, 
    {
        "pk": 5, 
        "model": "auth.user", 
        "fields": {
            "username": "admin", 
            "first_name": "", 
            "last_name": "", 
            "is_active": true, 
            "is_superuser": false, 
            "is_staff": false, 
            "last_login": "2012-02-03 16:46:07", 
            "groups": [
                2
            ], 
            "user_permissions": [], 
            "password": "bcrypt$2a$12$bFlDn1/EUVX7ponjdGqNX.7bM1s28PtkE2v9GZND/MSq8bKirqOwW$default", 
            "email": "admin@example.com", 
            "date_joined": "2012-02-03 16:46:07"
        }
    }, 
    {
        "pk": 1, 
        "model": "environments.profile", 
        "fields": {
            "modified_by": 5, 
            "name": "Website Testing Environments", 
            "created_by": 5, 
            "deleted_by": null, 
            "created_on": "2012-02-03 23:46:08", 
            "modified_on": "2012-02-03 23:46:08", 
            "deleted_on": null
        }
    }, 
    {
        "pk": 2, 
        "model": "environments.profile", 
        "fields": {
            "modified_by": 5, 
            "name": "Browser Testing Environments", 
            "created_by": 5, 
            "deleted_by": null, 
            "created_on": "2012-02-03 23:46:08", 
            "modified_on": "2012-02-03 23:46:08", 
            "deleted_on": null
        }
    }, 
    {
        "pk": 1, 
        "model": "environments.category", 
        "fields": {
            "modified_by": 5, 
            "name": "Browser", 
            "created_by": 5, 
            "deleted_by": null, 
            "created_on": "2012-02-03 23:46:08", 
            "modified_on": "2012-02-03 23:46:08", 
            "deleted_on": null
        }
    }, 
    {
        "pk": 2, 
        "model": "environments.category", 
        "fields": {
            "modified_by": 5, 
            "name": "Language", 
            "created_by": 5, 
            "deleted_by": null, 
            "created_on": "2012-02-03 23:46:08", 
            "modified_on": "2012-02-03 23:46:08", 
            "deleted_on": null
        }
    }, 
    {
        "pk": 3, 
        "model": "environments.category", 
        "fields": {
            "modified_by": 5, 
            "name": "Operating System", 
            "created_by": 5, 
            "deleted_by": null, 
            "created_on": "2012-02-03 23:46:08", 
            "modified_on": "2012-02-03 23:46:08", 
            "deleted_on": null
        }
    }, 
    {
        "pk": 1, 
        "model": "environments.element", 
        "fields": {
            "category": 1, 
            "modified_by": 5, 
            "name": "Firefox", 
            "created_by": 5, 
            "deleted_by": null, 
            "created_on": "2012-02-03 23:46:08", 
            "modified_on": "2012-02-03 23:46:08", 
            "deleted_on": null
        }
    }, 
    {
        "pk": 2, 
        "model": "environments.element", 
        "fields": {
            "category": 1, 
            "modified_by": 5, 
            "name": "Safari", 
            "created_by": 5, 
            "deleted_by": null, 
            "created_on": "2012-02-03 23:46:08", 
            "modified_on": "2012-02-03 23:46:08", 
            "deleted_on": null
        }
    }, 
    {
        "pk": 3, 
        "model": "environments.element", 
        "fields": {
            "category": 1, 
            "modified_by": 5, 
            "name": "Chrome", 
            "created_by": 5, 
            "deleted_by": null, 
            "created_on": "2012-02-03 23:46:08", 
            "modified_on": "2012-02-03 23:46:08", 
            "deleted_on": null
        }
    }, 
    {
        "pk": 4, 
        "model": "environments.element", 
        "fields": {
            "category": 1, 
            "modified_by": 5, 
            "name": "Internet Explorer", 
            "created_by": 5, 
            "deleted_by": null, 
            "created_on": "2012-02-03 23:46:08", 
            "modified_on": "2012-02-03 23:46:08", 
            "deleted_on": null
        }
    }, 
    {
        "pk": 5, 
        "model": "environments.element", 
        "fields": {
            "category": 2, 
            "modified_by": 5, 
            "name": "English", 
            "created_by": 5, 
            "deleted_by": null, 
            "created_on": "2012-02-03 23:46:08", 
            "modified_on": "2012-02-03 23:46:08", 
            "deleted_on": null
        }
    }, 
    {
        "pk": 6, 
        "model": "environments.element", 
        "fields": {
            "category": 2, 
            "modified_by": 5, 
            "name": "Spanish", 
            "created_by": 5, 
            "deleted_by": null, 
            "created_on": "2012-02-03 23:46:08", 
            "modified_on": "2012-02-03 23:46:08", 
            "deleted_on": null
        }
    }, 
    {
        "pk": 7, 
        "model": "environments.element", 
        "fields": {
            "category": 2, 
            "modified_by": 5, 
            "name": "Mandarin", 
            "created_by": 5, 
            "deleted_by": null, 
            "created_on": "2012-02-03 23:46:08", 
            "modified_on": "2012-02-03 23:46:08", 
            "deleted_on": null
        }
    }, 
    {
        "pk": 8, 
        "model": "environments.element", 
        "fields": {
            "category": 2, 
            "modified_by": 5, 
            "name": "French", 
            "created_by": 5, 
            "deleted_by": null, 
            "created_on": "2012-02-03 23:46:08", 
            "modified_on": "2012-02-03 23:46:08", 
            "deleted_on": null
        }
    }, 
    {
        "pk": 9, 
        "model": "environments.element", 
        "fields": {
            "category": 2, 
            "modified_by": 5, 
            "name": "German", 
            "created_by": 5, 
            "deleted_by": null, 
            "created_on": "2012-02-03 23:46:08", 
            "modified_on": "2012-02-03 23:46:08", 
            "deleted_on": null
        }
    }, 
    {
        "pk": 10, 
        "model": "environments.element", 
        "fields": {
            "category": 3, 
            "modified_by": 5, 
            "name": "Windows", 
            "created_by": 5, 
            "deleted_by": null, 
            "created_on": "2012-02-03 23:46:08", 
            "modified_on": "2012-02-03 23:46:08", 
            "deleted_on": null
        }
    }, 
    {
        "pk": 11, 
        "model": "environments.element", 
        "fields": {
            "category": 3, 
            "modified_by": 5, 
            "name": "Linux", 
            "created_by": 5, 
            "deleted_by": null, 
            "created_on": "2012-02-03 23:46:08", 
            "modified_on": "2012-02-03 23:46:08", 
            "deleted_on": null
        }
    }, 
    {
        "pk": 12, 
        "model": "environments.element", 
        "fields": {
            "category": 3, 
            "modified_by": 5, 
            "name": "OS X", 
            "created_by": 5, 
            "deleted_by": null, 
            "created_on": "2012-02-03 23:46:08", 
            "modified_on": "2012-02-03 23:46:08", 
            "deleted_on": null
        }
    }, 
    {
        "pk": 1, 
        "model": "environments.environment", 
        "fields": {
            "profile": 1, 
            "elements": [
                3, 
                7, 
                10
            ], 
            "modified_by": 5, 
            "created_by": 5, 
            "deleted_by": null, 
            "created_on": "2012-02-03 23:46:08", 
            "modified_on": "2012-02-03 23:46:08", 
            "deleted_on": null
        }
    }, 
    {
        "pk": 2, 
        "model": "environments.environment", 
        "fields": {
            "profile": 1, 
            "elements": [
                3, 
                7, 
                12
            ], 
            "modified_by": 5, 
            "created_by": 5, 
            "deleted_by": null, 
            "created_on": "2012-02-03 23:46:08", 
            "modified_on": "2012-02-03 23:46:08", 
            "deleted_on": null
        }
    }, 
    {
        "pk": 3, 
        "model": "environments.environment", 
        "fields": {
            "profile": 1, 
            "elements": [
                3, 
                7, 
                11
            ], 
            "modified_by": 5, 
            "created_by": 5, 
            "deleted_by": null, 
            "created_on": "2012-02-03 23:46:08", 
            "modified_on": "2012-02-03 23:46:08", 
            "deleted_on": null
        }
    }, 
    {
        "pk": 4, 
        "model": "environments.environment", 
        "fields": {
            "profile": 1, 
            "elements": [
                3, 
                9, 
                10
            ], 
            "modified_by": 5, 
            "created_by": 5, 
            "deleted_by": null, 
            "created_on": "2012-02-03 23:46:08", 
            "modified_on": "2012-02-03 23:46:08", 
            "deleted_on": null
        }
    }, 
    {
        "pk": 5, 
        "model": "environments.environment", 
        "fields": {
            "profile": 1, 
            "elements": [
                3, 
                9, 
                12
            ], 
            "modified_by": 5, 
            "created_by": 5, 
            "deleted_by": null, 
            "created_on": "2012-02-03 23:46:08", 
            "modified_on": "2012-02-03 23:46:08", 
            "deleted_on": null
        }
    }, 
    {
        "pk": 6, 
        "model": "environments.environment", 
        "fields": {
            "profile": 1, 
            "elements": [
                3, 
                9, 
                11
            ], 
            "modified_by": 5, 
            "created_by": 5, 
            "deleted_by": null, 
            "created_on": "2012-02-03 23:46:08", 
            "modified_on": "2012-02-03 23:46:08", 
            "deleted_on": null
        }
    }, 
    {
        "pk": 7, 
        "model": "environments.environment", 
        "fields": {
            "profile": 1, 
            "elements": [
                3, 
                6, 
                10
            ], 
            "modified_by": 5, 
            "created_by": 5, 
            "deleted_by": null, 
            "created_on": "2012-02-03 23:46:08", 
            "modified_on": "2012-02-03 23:46:08", 
            "deleted_on": null
        }
    }, 
    {
        "pk": 8, 
        "model": "environments.environment", 
        "fields": {
            "profile": 1, 
            "elements": [
                3, 
                6, 
                12
            ], 
            "modified_by": 5, 
            "created_by": 5, 
            "deleted_by": null, 
            "created_on": "2012-02-03 23:46:08", 
            "modified_on": "2012-02-03 23:46:08", 
            "deleted_on": null
        }
    }, 
    {
        "pk": 9, 
        "model": "environments.environment", 
        "fields": {
            "profile": 1, 
            "elements": [
                3, 
                6, 
                11
            ], 
            "modified_by": 5, 
            "created_by": 5, 
            "deleted_by": null, 
            "created_on": "2012-02-03 23:46:08", 
            "modified_on": "2012-02-03 23:46:08", 
            "deleted_on": null
        }
    }, 
    {
        "pk": 10, 
        "model": "environments.environment", 
        "fields": {
            "profile": 1, 
            "elements": [
                3, 
                8, 
                10
            ], 
            "modified_by": 5, 
            "created_by": 5, 
            "deleted_by": null, 
            "created_on": "2012-02-03 23:46:08", 
            "modified_on": "2012-02-03 23:46:08", 
            "deleted_on": null
        }
    }, 
    {
        "pk": 11, 
        "model": "environments.environment", 
        "fields": {
            "profile": 1, 
            "elements": [
                3, 
                8, 
                12
            ], 
            "modified_by": 5, 
            "created_by": 5, 
            "deleted_by": null, 
            "created_on": "2012-02-03 23:46:08", 
            "modified_on": "2012-02-03 23:46:08", 
            "deleted_on": null
        }
    }, 
    {
        "pk": 12, 
        "model": "environments.environment", 
        "fields": {
            "profile": 1, 
            "elements": [
                3, 
                8, 
                11
            ], 
            "modified_by": 5, 
            "created_by": 5, 
            "deleted_by": null, 
            "created_on": "2012-02-03 23:46:08", 
            "modified_on": "2012-02-03 23:46:08", 
            "deleted_on": null
        }
    }, 
    {
        "pk": 13, 
        "model": "environments.environment", 
        "fields": {
            "profile": 1, 
            "elements": [
                3, 
                5, 
                10
            ], 
            "modified_by": 5, 
            "created_by": 5, 
            "deleted_by": null, 
            "created_on": "2012-02-03 23:46:08", 
            "modified_on": "2012-02-03 23:46:08", 
            "deleted_on": null
        }
    }, 
    {
        "pk": 14, 
        "model": "environments.environment", 
        "fields": {
            "profile": 1, 
            "elements": [
                3, 
                5, 
                12
            ], 
            "modified_by": 5, 
            "created_by": 5, 
            "deleted_by": null, 
            "created_on": "2012-02-03 23:46:08", 
            "modified_on": "2012-02-03 23:46:08", 
            "deleted_on": null
        }
    }, 
    {
        "pk": 15, 
        "model": "environments.environment", 
        "fields": {
            "profile": 1, 
            "elements": [
                3, 
                5, 
                11
            ], 
            "modified_by": 5, 
            "created_by": 5, 
            "deleted_by": null, 
            "created_on": "2012-02-03 23:46:08", 
            "modified_on": "2012-02-03 23:46:08", 
            "deleted_on": null
        }
    }, 
    {
        "pk": 16, 
        "model": "environments.environment", 
        "fields": {
            "profile": 1, 
            "elements": [
                4, 
                7, 
                10
            ], 
            "modified_by": 5, 
            "created_by": 5, 
            "deleted_by": null, 
            "created_on": "2012-02-03 23:46:09", 
            "modified_on": "2012-02-03 23:46:09", 
            "deleted_on": null
        }
    }, 
    {
        "pk": 17, 
        "model": "environments.environment", 
        "fields": {
            "profile": 1, 
            "elements": [
                4, 
                9, 
                10
            ], 
            "modified_by": 5, 
            "created_by": 5, 
            "deleted_by": null, 
            "created_on": "2012-02-03 23:46:09", 
            "modified_on": "2012-02-03 23:46:09", 
            "deleted_on": null
        }
    }, 
    {
        "pk": 18, 
        "model": "environments.environment", 
        "fields": {
            "profile": 1, 
            "elements": [
                4, 
                6, 
                10
            ], 
            "modified_by": 5, 
            "created_by": 5, 
            "deleted_by": null, 
            "created_on": "2012-02-03 23:46:09", 
            "modified_on": "2012-02-03 23:46:09", 
            "deleted_on": null
        }
    }, 
    {
        "pk": 19, 
        "model": "environments.environment", 
        "fields": {
            "profile": 1, 
            "elements": [
                4, 
                8, 
                10
            ], 
            "modified_by": 5, 
            "created_by": 5, 
            "deleted_by": null, 
            "created_on": "2012-02-03 23:46:09", 
            "modified_on": "2012-02-03 23:46:09", 
            "deleted_on": null
        }
    }, 
    {
        "pk": 20, 
        "model": "environments.environment", 
        "fields": {
            "profile": 1, 
            "elements": [
                4, 
                5, 
                10
            ], 
            "modified_by": 5, 
            "created_by": 5, 
            "deleted_by": null, 
            "created_on": "2012-02-03 23:46:09", 
            "modified_on": "2012-02-03 23:46:09", 
            "deleted_on": null
        }
    }, 
    {
        "pk": 21, 
        "model": "environments.environment", 
        "fields": {
            "profile": 1, 
            "elements": [
                1, 
                7, 
                10
            ], 
            "modified_by": 5, 
            "created_by": 5, 
            "deleted_by": null, 
            "created_on": "2012-02-03 23:46:09", 
            "modified_on": "2012-02-03 23:46:09", 
            "deleted_on": null
        }
    }, 
    {
        "pk": 22, 
        "model": "environments.environment", 
        "fields": {
            "profile": 1, 
            "elements": [
                1, 
                7, 
                12
            ], 
            "modified_by": 5, 
            "created_by": 5, 
            "deleted_by": null, 
            "created_on": "2012-02-03 23:46:09", 
            "modified_on": "2012-02-03 23:46:09", 
            "deleted_on": null
        }
    }, 
    {
        "pk": 23, 
        "model": "environments.environment", 
        "fields": {
            "profile": 1, 
            "elements": [
                1, 
                7, 
                11
            ], 
            "modified_by": 5, 
            "created_by": 5, 
            "deleted_by": null, 
            "created_on": "2012-02-03 23:46:09", 
            "modified_on": "2012-02-03 23:46:09", 
            "deleted_on": null
        }
    }, 
    {
        "pk": 24, 
        "model": "environments.environment", 
        "fields": {
            "profile": 1, 
            "elements": [
                1, 
                9, 
                10
            ], 
            "modified_by": 5, 
            "created_by": 5, 
            "deleted_by": null, 
            "created_on": "2012-02-03 23:46:09", 
            "modified_on": "2012-02-03 23:46:09", 
            "deleted_on": null
        }
    }, 
    {
        "pk": 25, 
        "model": "environments.environment", 
        "fields": {
            "profile": 1, 
            "elements": [
                1, 
                9, 
                12
            ], 
            "modified_by": 5, 
            "created_by": 5, 
            "deleted_by": null, 
            "created_on": "2012-02-03 23:46:09", 
            "modified_on": "2012-02-03 23:46:09", 
            "deleted_on": null
        }
    }, 
    {
        "pk": 26, 
        "model": "environments.environment", 
        "fields": {
            "profile": 1, 
            "elements": [
                1, 
                9, 
                11
            ], 
            "modified_by": 5, 
            "created_by": 5, 
            "deleted_by": null, 
            "created_on": "2012-02-03 23:46:09", 
            "modified_on": "2012-02-03 23:46:09", 
            "deleted_on": null
        }
    }, 
    {
        "pk": 27, 
        "model": "environments.environment", 
        "fields": {
            "profile": 1, 
            "elements": [
                1, 
                6, 
                10
            ], 
            "modified_by": 5, 
            "created_by": 5, 
            "deleted_by": null, 
            "created_on": "2012-02-03 23:46:09", 
            "modified_on": "2012-02-03 23:46:09", 
            "deleted_on": null
        }
    }, 
    {
        "pk": 28, 
        "model": "environments.environment", 
        "fields": {
            "profile": 1, 
            "elements": [
                1, 
                6, 
                12
            ], 
            "modified_by": 5, 
            "created_by": 5, 
            "deleted_by": null, 
            "created_on": "2012-02-03 23:46:09", 
            "modified_on": "2012-02-03 23:46:09", 
            "deleted_on": null
        }
    }, 
    {
        "pk": 29, 
        "model": "environments.environment", 
        "fields": {
            "profile": 1, 
            "elements": [
                1, 
                6, 
                11
            ], 
            "modified_by": 5, 
            "created_by": 5, 
            "deleted_by": null, 
            "created_on": "2012-02-03 23:46:09", 
            "modified_on": "2012-02-03 23:46:09", 
            "deleted_on": null
        }
    }, 
    {
        "pk": 30, 
        "model": "environments.environment", 
        "fields": {
            "profile": 1, 
            "elements": [
                1, 
                8, 
                10
            ], 
            "modified_by": 5, 
            "created_by": 5, 
            "deleted_by": null, 
            "created_on": "2012-02-03 23:46:09", 
            "modified_on": "2012-02-03 23:46:09", 
            "deleted_on": null
        }
    }, 
    {
        "pk": 31, 
        "model": "environments.environment", 
        "fields": {
            "profile": 1, 
            "elements": [
                1, 
                8, 
                12
            ], 
            "modified_by": 5, 
            "created_by": 5, 
            "deleted_by": null, 
            "created_on": "2012-02-03 23:46:09", 
            "modified_on": "2012-02-03 23:46:09", 
            "deleted_on": null
        }
    }, 
    {
        "pk": 32, 
        "model": "environments.environment", 
        "fields": {
            "profile": 1, 
            "elements": [
                1, 
                8, 
                11
            ], 
            "modified_by": 5, 
            "created_by": 5, 
            "deleted_by": null, 
            "created_on": "2012-02-03 23:46:09", 
            "modified_on": "2012-02-03 23:46:09", 
            "deleted_on": null
        }
    }, 
    {
        "pk": 33, 
        "model": "environments.environment", 
        "fields": {
            "profile": 1, 
            "elements": [
                1, 
                5, 
                10
            ], 
            "modified_by": 5, 
            "created_by": 5, 
            "deleted_by": null, 
            "created_on": "2012-02-03 23:46:09", 
            "modified_on": "2012-02-03 23:46:09", 
            "deleted_on": null
        }
    }, 
    {
        "pk": 34, 
        "model": "environments.environment", 
        "fields": {
            "profile": 1, 
            "elements": [
                1, 
                5, 
                12
            ], 
            "modified_by": 5, 
            "created_by": 5, 
            "deleted_by": null, 
            "created_on": "2012-02-03 23:46:09", 
            "modified_on": "2012-02-03 23:46:09", 
            "deleted_on": null
        }
    }, 
    {
        "pk": 35, 
        "model": "environments.environment", 
        "fields": {
            "profile": 1, 
            "elements": [
                1, 
                5, 
                11
            ], 
            "modified_by": 5, 
            "created_by": 5, 
            "deleted_by": null, 
            "created_on": "2012-02-03 23:46:09", 
            "modified_on": "2012-02-03 23:46:09", 
            "deleted_on": null
        }
    }, 
    {
        "pk": 36, 
        "model": "environments.environment", 
        "fields": {
            "profile": 1, 
            "elements": [
                2, 
                7, 
                10
            ], 
            "modified_by": 5, 
            "created_by": 5, 
            "deleted_by": null, 
            "created_on": "2012-02-03 23:46:09", 
            "modified_on": "2012-02-03 23:46:09", 
            "deleted_on": null
        }
    }, 
    {
        "pk": 37, 
        "model": "environments.environment", 
        "fields": {
            "profile": 1, 
            "elements": [
                2, 
                7, 
                12
            ], 
            "modified_by": 5, 
            "created_by": 5, 
            "deleted_by": null, 
            "created_on": "2012-02-03 23:46:09", 
            "modified_on": "2012-02-03 23:46:09", 
            "deleted_on": null
        }
    }, 
    {
        "pk": 38, 
        "model": "environments.environment", 
        "fields": {
            "profile": 1, 
            "elements": [
                2, 
                9, 
                10
            ], 
            "modified_by": 5, 
            "created_by": 5, 
            "deleted_by": null, 
            "created_on": "2012-02-03 23:46:09", 
            "modified_on": "2012-02-03 23:46:09", 
            "deleted_on": null
        }
    }, 
    {
        "pk": 39, 
        "model": "environments.environment", 
        "fields": {
            "profile": 1, 
            "elements": [
                2, 
                9, 
                12
            ], 
            "modified_by": 5, 
            "created_by": 5, 
            "deleted_by": null, 
            "created_on": "2012-02-03 23:46:09", 
            "modified_on": "2012-02-03 23:46:09", 
            "deleted_on": null
        }
    }, 
    {
        "pk": 40, 
        "model": "environments.environment", 
        "fields": {
            "profile": 1, 
            "elements": [
                2, 
                6, 
                10
            ], 
            "modified_by": 5, 
            "created_by": 5, 
            "deleted_by": null, 
            "created_on": "2012-02-03 23:46:09", 
            "modified_on": "2012-02-03 23:46:09", 
            "deleted_on": null
        }
    }, 
    {
        "pk": 41, 
        "model": "environments.environment", 
        "fields": {
            "profile": 1, 
            "elements": [
                2, 
                6, 
                12
            ], 
            "modified_by": 5, 
            "created_by": 5, 
            "deleted_by": null, 
            "created_on": "2012-02-03 23:46:09", 
            "modified_on": "2012-02-03 23:46:09", 
            "deleted_on": null
        }
    }, 
    {
        "pk": 42, 
        "model": "environments.environment", 
        "fields": {
            "profile": 1, 
            "elements": [
                2, 
                8, 
                10
            ], 
            "modified_by": 5, 
            "created_by": 5, 
            "deleted_by": null, 
            "created_on": "2012-02-03 23:46:09", 
            "modified_on": "2012-02-03 23:46:09", 
            "deleted_on": null
        }
    }, 
    {
        "pk": 43, 
        "model": "environments.environment", 
        "fields": {
            "profile": 1, 
            "elements": [
                2, 
                8, 
                12
            ], 
            "modified_by": 5, 
            "created_by": 5, 
            "deleted_by": null, 
            "created_on": "2012-02-03 23:46:09", 
            "modified_on": "2012-02-03 23:46:09", 
            "deleted_on": null
        }
    }, 
    {
        "pk": 44, 
        "model": "environments.environment", 
        "fields": {
            "profile": 1, 
            "elements": [
                2, 
                5, 
                10
            ], 
            "modified_by": 5, 
            "created_by": 5, 
            "deleted_by": null, 
            "created_on": "2012-02-03 23:46:09", 
            "modified_on": "2012-02-03 23:46:09", 
            "deleted_on": null
        }
    }, 
    {
        "pk": 45, 
        "model": "environments.environment", 
        "fields": {
            "profile": 1, 
            "elements": [
                2, 
                5, 
                12
            ], 
            "modified_by": 5, 
            "created_by": 5, 
            "deleted_by": null, 
            "created_on": "2012-02-03 23:46:09", 
            "modified_on": "2012-02-03 23:46:09", 
            "deleted_on": null
        }
    }, 
    {
        "pk": 46, 
        "model": "environments.environment", 
        "fields": {
            "profile": 2, 
            "elements": [
                7, 
                10
            ], 
            "modified_by": 5, 
            "created_by": 5, 
            "deleted_by": null, 
            "created_on": "2012-02-03 23:46:09", 
            "modified_on": "2012-02-03 23:46:09", 
            "deleted_on": null
        }
    }, 
    {
        "pk": 47, 
        "model": "environments.environment", 
        "fields": {
            "profile": 2, 
            "elements": [
                7, 
                12
            ], 
            "modified_by": 5, 
            "created_by": 5, 
            "deleted_by": null, 
            "created_on": "2012-02-03 23:46:09", 
            "modified_on": "2012-02-03 23:46:09", 
            "deleted_on": null
        }
    }, 
    {
        "pk": 48, 
        "model": "environments.environment", 
        "fields": {
            "profile": 2, 
            "elements": [
                7, 
                11
            ], 
            "modified_by": 5, 
            "created_by": 5, 
            "deleted_by": null, 
            "created_on": "2012-02-03 23:46:09", 
            "modified_on": "2012-02-03 23:46:09", 
            "deleted_on": null
        }
    }, 
    {
        "pk": 49, 
        "model": "environments.environment", 
        "fields": {
            "profile": 2, 
            "elements": [
                9, 
                10
            ], 
            "modified_by": 5, 
            "created_by": 5, 
            "deleted_by": null, 
            "created_on": "2012-02-03 23:46:09", 
            "modified_on": "2012-02-03 23:46:09", 
            "deleted_on": null
        }
    }, 
    {
        "pk": 50, 
        "model": "environments.environment", 
        "fields": {
            "profile": 2, 
            "elements": [
                9, 
                12
            ], 
            "modified_by": 5, 
            "created_by": 5, 
            "deleted_by": null, 
            "created_on": "2012-02-03 23:46:09", 
            "modified_on": "2012-02-03 23:46:09", 
            "deleted_on": null
        }
    }, 
    {
        "pk": 51, 
        "model": "environments.environment", 
        "fields": {
            "profile": 2, 
            "elements": [
                9, 
                11
            ], 
            "modified_by": 5, 
            "created_by": 5, 
            "deleted_by": null, 
            "created_on": "2012-02-03 23:46:09", 
            "modified_on": "2012-02-03 23:46:09", 
            "deleted_on": null
        }
    }, 
    {
        "pk": 52, 
        "model": "environments.environment", 
        "fields": {
            "profile": 2, 
            "elements": [
                6, 
                10
            ], 
            "modified_by": 5, 
            "created_by": 5, 
            "deleted_by": null, 
            "created_on": "2012-02-03 23:46:09", 
            "modified_on": "2012-02-03 23:46:09", 
            "deleted_on": null
        }
    }, 
    {
        "pk": 53, 
        "model": "environments.environment", 
        "fields": {
            "profile": 2, 
            "elements": [
                6, 
                12
            ], 
            "modified_by": 5, 
            "created_by": 5, 
            "deleted_by": null, 
            "created_on": "2012-02-03 23:46:09", 
            "modified_on": "2012-02-03 23:46:09", 
            "deleted_on": null
        }
    }, 
    {
        "pk": 54, 
        "model": "environments.environment", 
        "fields": {
            "profile": 2, 
            "elements": [
                6, 
                11
            ], 
            "modified_by": 5, 
            "created_by": 5, 
            "deleted_by": null, 
            "created_on": "2012-02-03 23:46:09", 
            "modified_on": "2012-02-03 23:46:09", 
            "deleted_on": null
        }
    }, 
    {
        "pk": 55, 
        "model": "environments.environment", 
        "fields": {
            "profile": 2, 
            "elements": [
                8, 
                10
            ], 
            "modified_by": 5, 
            "created_by": 5, 
            "deleted_by": null, 
            "created_on": "2012-02-03 23:46:09", 
            "modified_on": "2012-02-03 23:46:09", 
            "deleted_on": null
        }
    }, 
    {
        "pk": 56, 
        "model": "environments.environment", 
        "fields": {
            "profile": 2, 
            "elements": [
                8, 
                12
            ], 
            "modified_by": 5, 
            "created_by": 5, 
            "deleted_by": null, 
            "created_on": "2012-02-03 23:46:09", 
            "modified_on": "2012-02-03 23:46:09", 
            "deleted_on": null
        }
    }, 
    {
        "pk": 57, 
        "model": "environments.environment", 
        "fields": {
            "profile": 2, 
            "elements": [
                8, 
                11
            ], 
            "modified_by": 5, 
            "created_by": 5, 
            "deleted_by": null, 
            "created_on": "2012-02-03 23:46:09", 
            "modified_on": "2012-02-03 23:46:09", 
            "deleted_on": null
        }
    }, 
    {
        "pk": 58, 
        "model": "environments.environment", 
        "fields": {
            "profile": 2, 
            "elements": [
                5, 
                10
            ], 
            "modified_by": 5, 
            "created_by": 5, 
            "deleted_by": null, 
            "created_on": "2012-02-03 23:46:09", 
            "modified_on": "2012-02-03 23:46:09", 
            "deleted_on": null
        }
    }, 
    {
        "pk": 59, 
        "model": "environments.environment", 
        "fields": {
            "profile": 2, 
            "elements": [
                5, 
                12
            ], 
            "modified_by": 5, 
            "created_by": 5, 
            "deleted_by": null, 
            "created_on": "2012-02-03 23:46:09", 
            "modified_on": "2012-02-03 23:46:09", 
            "deleted_on": null
        }
    }, 
    {
        "pk": 60, 
        "model": "environments.environment", 
        "fields": {
            "profile": 2, 
            "elements": [
                5, 
                11
            ], 
            "modified_by": 5, 
            "created_by": 5, 
            "deleted_by": null, 
            "created_on": "2012-02-03 23:46:09", 
            "modified_on": "2012-02-03 23:46:09", 
            "deleted_on": null
        }
    }, 
    {
        "pk": 1, 
        "model": "core.product", 
        "fields": {
            "modified_by": 5, 
            "name": "Firefox", 
            "has_team": false, 
            "created_by": 5, 
            "deleted_by": null, 
            "created_on": "2012-02-03 23:46:09", 
            "own_team": [], 
            "modified_on": "2012-02-03 23:46:09", 
            "deleted_on": null, 
            "description": ""
        }
    }, 
    {
        "pk": 2, 
        "model": "core.product", 
        "fields": {
            "modified_by": 5, 
            "name": "Case Conductor", 
            "has_team": false, 
            "created_by": 5, 
            "deleted_by": null, 
            "created_on": "2012-02-03 23:46:09", 
            "own_team": [], 
            "modified_on": "2012-02-03 23:46:09", 
            "deleted_on": null, 
            "description": ""
        }
    }, 
    {
        "pk": 1, 
        "model": "core.productversion", 
        "fields": {
            "product": 1, 
            "modified_by": 5, 
            "has_team": false, 
            "created_by": 5, 
            "deleted_by": null, 
            "created_on": "2012-02-03 23:46:09", 
            "version": "9", 
            "own_team": [], 
            "environments": [
                46, 
                47, 
                48, 
                49, 
                50, 
                51, 
                52, 
                53, 
                54, 
                55, 
                56, 
                57, 
                58, 
                59, 
                60
            ], 
            "modified_on": "2012-02-03 23:46:09", 
            "codename": "", 
            "deleted_on": null, 
            "order": 1, 
            "latest": false
        }
    }, 
    {
        "pk": 2, 
        "model": "core.productversion", 
        "fields": {
            "product": 1, 
            "modified_by": 5, 
            "has_team": false, 
            "created_by": 5, 
            "deleted_by": null, 
            "created_on": "2012-02-03 23:46:09", 
            "version": "10", 
            "own_team": [], 
            "environments": [
                46, 
                47, 
                48, 
                49, 
                50, 
                51, 
                52, 
                53, 
                54, 
                55, 
                56, 
                57, 
                58, 
                59, 
                60
            ], 
            "modified_on": "2012-02-03 23:46:09", 
            "codename": "", 
            "deleted_on": null, 
            "order": 2, 
            "latest": true
        }
    }, 
    {
        "pk": 3, 
        "model": "core.productversion", 
        "fields": {
            "product": 2, 
            "modified_by": 5, 
            "has_team": false, 
            "created_by": 5, 
            "deleted_by": null, 
            "created_on": "2012-02-03 23:46:09", 
            "version": "0.6", 
            "own_team": [], 
            "environments": [
                1, 
                2, 
                3, 
                4, 
                5, 
                6, 
                7, 
                8, 
                9, 
                10, 
                11, 
                12, 
                13, 
                14, 
                15, 
                16, 
                17, 
                18, 
                19, 
                20, 
                21, 
                22, 
                23, 
                24, 
                25, 
                26, 
                27, 
                28, 
                29, 
                30, 
                31, 
                32, 
                33, 
                34, 
                35, 
                36, 
                37, 
                38, 
                39, 
                40, 
                41, 
                42, 
                43, 
                44, 
                45
            ], 
            "modified_on": "2012-02-03 23:46:09", 
            "codename": "", 
            "deleted_on": null, 
            "order": 1, 
            "latest": false
        }
    }, 
    {
        "pk": 4, 
        "model": "core.productversion", 
        "fields": {
            "product": 2, 
            "modified_by": 5, 
            "has_team": false, 
            "created_by": 5, 
            "deleted_by": null, 
            "created_on": "2012-02-03 23:46:09", 
            "version": "0.7", 
            "own_team": [], 
            "environments": [
                1, 
                2, 
                3, 
                4, 
                5, 
                6, 
                7, 
                8, 
                9, 
                10, 
                11, 
                12, 
                13, 
                14, 
                15, 
                16, 
                17, 
                18, 
                19, 
                20, 
                21, 
                22, 
                23, 
                24, 
                25, 
                26, 
                27, 
                28, 
                29, 
                30, 
                31, 
                32, 
                33, 
                34, 
                35, 
                36, 
                37, 
                38, 
                39, 
                40, 
                41, 
                42, 
                43, 
                44, 
                45
            ], 
            "modified_on": "2012-02-03 23:46:09", 
            "codename": "", 
            "deleted_on": null, 
            "order": 2, 
            "latest": false
        }
    }, 
    {
        "pk": 5, 
        "model": "core.productversion", 
        "fields": {
            "product": 2, 
            "modified_by": 5, 
            "has_team": false, 
            "created_by": 5, 
            "deleted_by": null, 
            "created_on": "2012-02-03 23:46:09", 
            "version": "0.8", 
            "own_team": [], 
            "environments": [
                1, 
                2, 
                3, 
                4, 
                5, 
                6, 
                7, 
                8, 
                9, 
                10, 
                11, 
                12, 
                13, 
                14, 
                15, 
                16, 
                17, 
                18, 
                19, 
                20, 
                21, 
                22, 
                23, 
                24, 
                25, 
                26, 
                27, 
                28, 
                29, 
                30, 
                31, 
                32, 
                33, 
                34, 
                35, 
                36, 
                37, 
                38, 
                39, 
                40, 
                41, 
                42, 
                43, 
                44, 
                45
            ], 
            "modified_on": "2012-02-03 23:46:09", 
            "codename": "Django DB", 
            "deleted_on": null, 
            "order": 3, 
            "latest": true
        }
    }, 
    {
        "pk": 1, 
        "model": "tags.tag", 
        "fields": {
            "product": 2, 
            "modified_by": 4, 
            "name": "registration", 
            "created_by": 4, 
            "deleted_by": null, 
            "created_on": "2012-02-03 23:46:09", 
            "modified_on": "2012-02-03 23:46:09", 
            "deleted_on": null
        }
    }, 
    {
        "pk": 2, 
        "model": "tags.tag", 
        "fields": {
            "product": null, 
            "modified_by": 5, 
            "name": "key", 
            "created_by": 5, 
            "deleted_by": null, 
            "created_on": "2012-02-03 23:46:09", 
            "modified_on": "2012-02-03 23:46:09", 
            "deleted_on": null
        }
    }, 
    {
        "pk": 1, 
        "model": "library.case", 
        "fields": {
            "product": 2, 
            "modified_by": 4, 
            "created_by": 4, 
            "deleted_by": null, 
            "created_on": "2012-02-03 23:46:09", 
            "modified_on": "2012-02-03 23:46:09", 
            "deleted_on": null
        }
    }, 
    {
        "pk": 2, 
        "model": "library.case", 
        "fields": {
            "product": 2, 
            "modified_by": 3, 
            "created_by": 3, 
            "deleted_by": null, 
            "created_on": "2012-02-03 23:46:09", 
            "modified_on": "2012-02-03 23:46:09", 
            "deleted_on": null
        }
    }, 
    {
        "pk": 3, 
        "model": "library.case", 
        "fields": {
            "product": 1, 
            "modified_by": 3, 
            "created_by": 3, 
            "deleted_by": null, 
            "created_on": "2012-02-03 23:46:10", 
            "modified_on": "2012-02-03 23:46:10", 
            "deleted_on": null
        }
    }, 
    {
        "pk": 1, 
        "model": "library.caseversion", 
        "fields": {
            "status": "active", 
            "case": 1, 
            "modified_by": 4, 
            "name": "Can log in.", 
            "tags": [], 
            "envs_narrowed": false, 
            "created_by": 4, 
            "deleted_by": null, 
            "created_on": "2012-02-03 23:46:09", 
            "productversion": 3, 
            "latest": false, 
            "modified_on": "2012-02-03 23:46:09", 
            "environments": [
                1, 
                2, 
                3, 
                4, 
                5, 
                6, 
                7, 
                8, 
                9, 
                10, 
                11, 
                12, 
                13, 
                14, 
                15, 
                16, 
                17, 
                18, 
                19, 
                20, 
                21, 
                22, 
                23, 
                24, 
                25, 
                26, 
                27, 
                28, 
                29, 
                30, 
                31, 
                32, 
                33, 
                34, 
                35, 
                36, 
                37, 
                38, 
                39, 
                40, 
                41, 
                42, 
                43, 
                44, 
                45
            ], 
            "deleted_on": null, 
            "description": "A user can log in to the app."
        }
    }, 
    {
        "pk": 2, 
        "model": "library.caseversion", 
        "fields": {
            "status": "active", 
            "case": 1, 
            "modified_by": 4, 
            "name": "Can log in.", 
            "tags": [], 
            "envs_narrowed": false, 
            "created_by": 4, 
            "deleted_by": null, 
            "created_on": "2012-02-03 23:46:09", 
            "productversion": 4, 
            "latest": false, 
            "modified_on": "2012-02-03 23:46:09", 
            "environments": [
                1, 
                2, 
                3, 
                4, 
                5, 
                6, 
                7, 
                8, 
                9, 
                10, 
                11, 
                12, 
                13, 
                14, 
                15, 
                16, 
                17, 
                18, 
                19, 
                20, 
                21, 
                22, 
                23, 
                24, 
                25, 
                26, 
                27, 
                28, 
                29, 
                30, 
                31, 
                32, 
                33, 
                34, 
                35, 
                36, 
                37, 
                38, 
                39, 
                40, 
                41, 
                42, 
                43, 
                44, 
                45
            ], 
            "deleted_on": null, 
            "description": "A user can log in to the app."
        }
    }, 
    {
        "pk": 3, 
        "model": "library.caseversion", 
        "fields": {
            "status": "active", 
            "case": 1, 
            "modified_by": 4, 
            "name": "Can log in.", 
            "tags": [], 
            "envs_narrowed": false, 
            "created_by": 4, 
            "deleted_by": null, 
            "created_on": "2012-02-03 23:46:09", 
            "productversion": 5, 
            "latest": true, 
            "modified_on": "2012-02-03 23:46:09", 
            "environments": [
                1, 
                2, 
                3, 
                4, 
                5, 
                6, 
                7, 
                8, 
                9, 
                10, 
                11, 
                12, 
                13, 
                14, 
                15, 
                16, 
                17, 
                18, 
                19, 
                20, 
                21, 
                22, 
                23, 
                24, 
                25, 
                26, 
                27, 
                28, 
                29, 
                30, 
                31, 
                32, 
                33, 
                34, 
                35, 
                36, 
                37, 
                38, 
                39, 
                40, 
                41, 
                42, 
                43, 
                44, 
                45
            ], 
            "deleted_on": null, 
            "description": "A user can log in to the app."
        }
    }, 
    {
        "pk": 4, 
        "model": "library.caseversion", 
        "fields": {
            "status": "active", 
            "case": 2, 
            "modified_by": 3, 
            "name": "Can register.", 
            "tags": [], 
            "envs_narrowed": false, 
            "created_by": 3, 
            "deleted_by": null, 
            "created_on": "2012-02-03 23:46:09", 
            "productversion": 4, 
            "latest": false, 
            "modified_on": "2012-02-03 23:46:09", 
            "environments": [
                4, 
                5, 
                6, 
                7, 
                8, 
                9, 
                10, 
                11, 
                12, 
                13, 
                14, 
                15, 
                17, 
                18, 
                19, 
                20, 
                24, 
                25, 
                26, 
                27, 
                28, 
                29, 
                30, 
                31, 
                32, 
                33, 
                34, 
                35, 
                38, 
                39, 
                40, 
                41, 
                42, 
                43, 
                44, 
                45
            ], 
            "deleted_on": null, 
            "description": "A new user can register for the app."
        }
    }, 
    {
        "pk": 5, 
        "model": "library.caseversion", 
        "fields": {
            "status": "active", 
            "case": 2, 
            "modified_by": 3, 
            "name": "Can register.", 
            "tags": [
                1
            ], 
            "envs_narrowed": false, 
            "created_by": 3, 
            "deleted_by": null, 
            "created_on": "2012-02-03 23:46:10", 
            "productversion": 5, 
            "latest": true, 
            "modified_on": "2012-02-03 23:46:10", 
            "environments": [
                4, 
                5, 
                6, 
                7, 
                8, 
                9, 
                10, 
                11, 
                12, 
                13, 
                14, 
                15, 
                17, 
                18, 
                19, 
                20, 
                24, 
                25, 
                26, 
                27, 
                28, 
                29, 
                30, 
                31, 
                32, 
                33, 
                34, 
                35, 
                38, 
                39, 
                40, 
                41, 
                42, 
                43, 
                44, 
                45
            ], 
            "deleted_on": null, 
            "description": "A new user can register for the app."
        }
    }, 
    {
        "pk": 6, 
        "model": "library.caseversion", 
        "fields": {
            "status": "draft", 
            "case": 3, 
            "modified_by": 3, 
            "name": "It is fast.", 
            "tags": [
                2
            ], 
            "envs_narrowed": false, 
            "created_by": 3, 
            "deleted_by": null, 
            "created_on": "2012-02-03 23:46:10", 
            "productversion": 1, 
            "latest": false, 
            "modified_on": "2012-02-03 23:46:10", 
            "environments": [
                46, 
                47, 
                48, 
                49, 
                50, 
                51, 
                52, 
                53, 
                54, 
                55, 
                56, 
                57, 
                58, 
                59, 
                60
            ], 
            "deleted_on": null, 
            "description": "It's a fast browser."
        }
    }, 
    {
        "pk": 7, 
        "model": "library.caseversion", 
        "fields": {
            "status": "draft", 
            "case": 3, 
            "modified_by": 3, 
            "name": "It is fast.", 
            "tags": [
                2
            ], 
            "envs_narrowed": false, 
            "created_by": 3, 
            "deleted_by": null, 
            "created_on": "2012-02-03 23:46:10", 
            "productversion": 2, 
            "latest": true, 
            "modified_on": "2012-02-03 23:46:10", 
            "environments": [
                46, 
                47, 
                48, 
                49, 
                50, 
                51, 
                52, 
                53, 
                54, 
                55, 
                56, 
                57, 
                58, 
                59, 
                60
            ], 
            "deleted_on": null, 
            "description": "It's a fast browser."
        }
    }, 
    {
        "pk": 1, 
        "model": "library.casestep", 
        "fields": {
            "caseversion": 1, 
            "modified_by": 4, 
            "instruction": "Click the login link in the upper right.", 
            "number": 0, 
            "created_by": 4, 
            "deleted_by": null, 
            "expected": "See a form with username and password fields.", 
            "created_on": "2012-02-03 23:46:09", 
            "modified_on": "2012-02-03 23:46:09", 
            "deleted_on": null
        }
    }, 
    {
        "pk": 2, 
        "model": "library.casestep", 
        "fields": {
            "caseversion": 1, 
            "modified_by": 4, 
            "instruction": "Fill in a valid username and password, submit.", 
            "number": 1, 
            "created_by": 4, 
            "deleted_by": null, 
            "expected": "See a welcome message in the upper right.", 
            "created_on": "2012-02-03 23:46:09", 
            "modified_on": "2012-02-03 23:46:09", 
            "deleted_on": null
        }
    }, 
    {
        "pk": 3, 
        "model": "library.casestep", 
        "fields": {
            "caseversion": 2, 
            "modified_by": 4, 
            "instruction": "Click the login link in the upper right.", 
            "number": 0, 
            "created_by": 4, 
            "deleted_by": null, 
            "expected": "See a form with username and password fields.", 
            "created_on": "2012-02-03 23:46:09", 
            "modified_on": "2012-02-03 23:46:09", 
            "deleted_on": null
        }
    }, 
    {
        "pk": 4, 
        "model": "library.casestep", 
        "fields": {
            "caseversion": 2, 
            "modified_by": 4, 
            "instruction": "Fill in a valid username and password, submit.", 
            "number": 1, 
            "created_by": 4, 
            "deleted_by": null, 
            "expected": "See a welcome message in the upper right.", 
            "created_on": "2012-02-03 23:46:09", 
            "modified_on": "2012-02-03 23:46:09", 
            "deleted_on": null
        }
    }, 
    {
        "pk": 5, 
        "model": "library.casestep", 
        "fields": {
            "caseversion": 3, 
            "modified_by": 4, 
            "instruction": "Click the login link in the upper right.", 
            "number": 0, 
            "created_by": 4, 
            "deleted_by": null, 
            "expected": "See a form with username and password fields.", 
            "created_on": "2012-02-03 23:46:09", 
            "modified_on": "2012-02-03 23:46:09", 
            "deleted_on": null
        }
    }, 
    {
        "pk": 6, 
        "model": "library.casestep", 
        "fields": {
            "caseversion": 3, 
            "modified_by": 4, 
            "instruction": "Fill in a valid username and password, submit.", 
            "number": 1, 
            "created_by": 4, 
            "deleted_by": null, 
            "expected": "See a welcome message in the upper right.", 
            "created_on": "2012-02-03 23:46:09", 
            "modified_on": "2012-02-03 23:46:09", 
            "deleted_on": null
        }
    }, 
    {
        "pk": 7, 
        "model": "library.casestep", 
        "fields": {
            "caseversion": 4, 
            "modified_by": 3, 
            "instruction": "Click the register link in the upper right.", 
            "number": 1, 
            "created_by": 3, 
            "deleted_by": null, 
            "expected": "See a user registration form.", 
            "created_on": "2012-02-03 23:46:10", 
            "modified_on": "2012-02-03 23:46:10", 
            "deleted_on": null
        }
    }, 
    {
        "pk": 8, 
        "model": "library.casestep", 
        "fields": {
            "caseversion": 4, 
            "modified_by": 3, 
            "instruction": "Fill in all fields, submit.", 
            "number": 2, 
            "created_by": 3, 
            "deleted_by": null, 
            "expected": "Receive a verification email.", 
            "created_on": "2012-02-03 23:46:10", 
            "modified_on": "2012-02-03 23:46:10", 
            "deleted_on": null
        }
    }, 
    {
        "pk": 9, 
        "model": "library.casestep", 
        "fields": {
            "caseversion": 5, 
            "modified_by": 3, 
            "instruction": "Click the register link in the upper right.", 
            "number": 1, 
            "created_by": 3, 
            "deleted_by": null, 
            "expected": "See a user registration form.", 
            "created_on": "2012-02-03 23:46:10", 
            "modified_on": "2012-02-03 23:46:10", 
            "deleted_on": null
        }
    }, 
    {
        "pk": 10, 
        "model": "library.casestep", 
        "fields": {
            "caseversion": 5, 
            "modified_by": 3, 
            "instruction": "Fill in all fields, submit.", 
            "number": 2, 
            "created_by": 3, 
            "deleted_by": null, 
            "expected": "Receive a verification email.", 
            "created_on": "2012-02-03 23:46:10", 
            "modified_on": "2012-02-03 23:46:10", 
            "deleted_on": null
        }
    }, 
    {
        "pk": 1, 
        "model": "library.suite", 
        "fields": {
            "status": "active", 
            "product": 2, 
            "modified_by": 4, 
            "name": "Accounts", 
            "created_by": 4, 
            "deleted_by": null, 
            "created_on": "2012-02-03 23:46:10", 
            "modified_on": "2012-02-03 23:46:10", 
            "deleted_on": null, 
            "description": ""
        }
    }, 
    {
        "pk": 1, 
        "model": "library.suitecase", 
        "fields": {
            "case": 2, 
            "modified_by": 4, 
            "created_by": 4, 
            "deleted_by": null, 
            "created_on": "2012-02-03 23:46:10", 
            "modified_on": "2012-02-03 23:46:10", 
            "suite": 1, 
            "deleted_on": null, 
            "order": 1
        }
    }, 
    {
        "pk": 2, 
        "model": "library.suitecase", 
        "fields": {
            "case": 1, 
            "modified_by": 4, 
            "created_by": 4, 
            "deleted_by": null, 
            "created_on": "2012-02-03 23:46:10", 
            "modified_on": "2012-02-03 23:46:10", 
            "suite": 1, 
            "deleted_on": null, 
            "order": 2
        }
    }, 
    {
        "pk": 1, 
        "model": "execution.run", 
        "fields": {
            "status": "active", 
            "modified_by": 4, 
            "name": "Alpha 1", 
            "has_team": false, 
            "created_by": 4, 
            "deleted_by": null, 
            "start": "2012-02-03", 
            "created_on": "2012-02-03 23:46:10", 
            "own_team": [], 
            "productversion": 5, 
            "modified_on": "2012-02-03 23:46:10", 
            "end": null, 
            "environments": [
                1, 
                2, 
                3, 
                4, 
                5, 
                6, 
                7, 
                8, 
                9, 
                10, 
                11, 
                12, 
                13, 
                14, 
                15, 
                16, 
                17, 
                18, 
                19, 
                20, 
                21, 
                22, 
                23, 
                24, 
                25, 
                26, 
                27, 
                28, 
                29, 
                30, 
                31, 
                32, 
                33, 
                34, 
                35, 
                36, 
                37, 
                38, 
                39, 
                40, 
                41, 
                42, 
                43, 
                44, 
                45
            ], 
            "deleted_on": null, 
            "description": ""
        }
    }, 
    {
        "pk": 1, 
        "model": "execution.runsuite", 
        "fields": {
            "modified_by": null, 
            "created_by": null, 
            "deleted_by": null, 
            "created_on": "2012-02-03 23:46:10", 
            "suite": 1, 
            "modified_on": "2012-02-03 23:46:10", 
            "run": 1, 
            "deleted_on": null, 
            "order": 0
        }
    }, 
    {
        "pk": 1, 
        "model": "execution.runcaseversion", 
        "fields": {
            "caseversion": 5, 
            "modified_by": null, 
            "created_by": null, 
            "deleted_by": null, 
            "created_on": "2012-02-03 23:46:10", 
            "environments": [
                4, 
                5, 
                6, 
                7, 
                8, 
                9, 
                10, 
                11, 
                12, 
                13, 
                14, 
                15, 
                17, 
                18, 
                19, 
                20, 
                24, 
                25, 
                26, 
                27, 
                28, 
                29, 
                30, 
                31, 
                32, 
                33, 
                34, 
                35, 
                38, 
                39, 
                40, 
                41, 
                42, 
                43, 
                44, 
                45
            ], 
            "modified_on": "2012-02-03 23:46:10", 
            "run": 1, 
            "deleted_on": null, 
            "order": 1
        }
    }, 
    {
        "pk": 2, 
        "model": "execution.runcaseversion", 
        "fields": {
            "caseversion": 3, 
            "modified_by": null, 
            "created_by": null, 
            "deleted_by": null, 
            "created_on": "2012-02-03 23:46:10", 
            "environments": [
                1, 
                2, 
                3, 
                4, 
                5, 
                6, 
                7, 
                8, 
                9, 
                10, 
                11, 
                12, 
                13, 
                14, 
                15, 
                16, 
                17, 
                18, 
                19, 
                20, 
                21, 
                22, 
                23, 
                24, 
                25, 
                26, 
                27, 
                28, 
                29, 
                30, 
                31, 
                32, 
                33, 
                34, 
                35, 
                36, 
                37, 
                38, 
                39, 
                40, 
                41, 
                42, 
                43, 
                44, 
                45
            ], 
            "modified_on": "2012-02-03 23:46:10", 
            "run": 1, 
            "deleted_on": null, 
            "order": 2
        }
    }
]